tick_ms,target_speed,actual_speed,control_output,position,state,faults
10,0.000000,0.000000,0.000000,0.000000,READY,0x00000000
20,0.000000,0.000000,0.000000,0.000000,READY,0x00000000
30,0.000000,0.000000,0.000000,0.000000,READY,0x00000000
40,0.000000,0.000000,0.000000,0.000000,READY,0x00000000
50,0.000000,0.000000,0.000000,0.000000,READY,0x00000000
60,0.000000,0.000000,0.000000,0.000000,READY,0x00000000
70,0.000000,0.000000,0.000000,0.000000,READY,0x00000000
80,0.000000,0.000000,0.000000,0.000000,READY,0x00000000
90,0.000000,0.000000,0.000000,0.000000,READY,0x00000000
100,0.000000,0.000000,0.000000,0.000000,READY,0x00000000
110,0.000000,0.000000,0.000000,0.000000,READY,0x00000000
120,0.000000,0.000000,0.000000,0.000000,READY,0x00000000
130,0.000000,0.000000,0.000000,0.000000,READY,0x00000000
140,0.000000,0.000000,0.000000,0.000000,READY,0x00000000
150,0.000000,0.000000,0.000000,0.000000,READY,0x00000000
160,0.000000,0.000000,0.000000,0.000000,READY,0x00000000
170,0.000000,0.000000,0.000000,0.000000,READY,0x00000000
180,0.000000,0.000000,0.000000,0.000000,READY,0x00000000
190,0.000000,0.000000,0.000000,0.000000,READY,0x00000000
200,0.000000,0.000000,0.000000,0.000000,READY,0x00000000
210,0.000000,0.000000,0.000000,0.000000,READY,0x00000000
220,0.000000,0.000000,0.000000,0.000000,READY,0x00000000
230,0.000000,0.000000,0.000000,0.000000,READY,0x00000000
240,0.000000,0.000000,0.000000,0.000000,READY,0x00000000
250,0.000000,0.000000,0.000000,0.000000,READY,0x00000000
260,0.000000,0.000000,0.000000,0.000000,READY,0x00000000
270,0.000000,0.000000,0.000000,0.000000,READY,0x00000000
280,0.000000,0.000000,0.000000,0.000000,READY,0x00000000
290,0.000000,0.000000,0.000000,0.000000,READY,0x00000000
300,0.000000,0.000000,0.000000,0.000000,READY,0x00000000
310,0.000000,0.000000,0.000000,0.000000,READY,0x00000000
320,0.000000,0.000000,0.000000,0.000000,READY,0x00000000
330,0.000000,0.000000,0.000000,0.000000,READY,0x00000000
340,0.000000,0.000000,0.000000,0.000000,READY,0x00000000
350,0.000000,0.000000,0.000000,0.000000,READY,0x00000000
360,0.000000,0.000000,0.000000,0.000000,READY,0x00000000
370,0.000000,0.000000,0.000000,0.000000,READY,0x00000000
380,0.000000,0.000000,0.000000,0.000000,READY,0x00000000
390,0.000000,0.000000,0.000000,0.000000,READY,0x00000000
400,0.000000,0.000000,0.000000,0.000000,READY,0x00000000
410,0.000000,0.000000,0.000000,0.000000,READY,0x00000000
420,0.000000,0.000000,0.000000,0.000000,READY,0x00000000
430,0.000000,0.000000,0.000000,0.000000,READY,0x00000000
440,0.000000,0.000000,0.000000,0.000000,READY,0x00000000
450,0.000000,0.000000,0.000000,0.000000,READY,0x00000000
460,0.000000,0.000000,0.000000,0.000000,READY,0x00000000
470,0.000000,0.000000,0.000000,0.000000,READY,0x00000000
480,0.000000,0.000000,0.000000,0.000000,READY,0x00000000
490,0.000000,0.000000,0.000000,0.000000,READY,0x00000000
500,0.000000,0.000000,0.000000,0.000000,READY,0x00000000
510,0.000000,0.000000,0.000000,0.000000,READY,0x00000000
520,0.000000,0.000000,0.000000,0.000000,READY,0x00000000
530,0.000000,0.000000,0.000000,0.000000,READY,0x00000000
540,0.000000,0.000000,0.000000,0.000000,READY,0x00000000
550,0.000000,0.000000,0.000000,0.000000,READY,0x00000000
560,0.000000,0.000000,0.000000,0.000000,READY,0x00000000
570,0.000000,0.000000,0.000000,0.000000,READY,0x00000000
580,0.000000,0.000000,0.000000,0.000000,READY,0x00000000
590,0.000000,0.000000,0.000000,0.000000,READY,0x00000000
600,0.000000,0.000000,0.000000,0.000000,READY,0x00000000
610,0.000000,0.000000,0.000000,0.000000,READY,0x00000000
620,0.000000,0.000000,0.000000,0.000000,READY,0x00000000
630,0.000000,0.000000,0.000000,0.000000,READY,0x00000000
640,0.000000,0.000000,0.000000,0.000000,READY,0x00000000
650,0.000000,0.000000,0.000000,0.000000,READY,0x00000000
660,0.000000,0.000000,0.000000,0.000000,READY,0x00000000
670,0.000000,0.000000,0.000000,0.000000,READY,0x00000000
680,0.000000,0.000000,0.000000,0.000000,READY,0x00000000
690,0.000000,0.000000,0.000000,0.000000,READY,0x00000000
700,0.000000,0.000000,0.000000,0.000000,READY,0x00000000
710,0.000000,0.000000,0.000000,0.000000,READY,0x00000000
720,0.000000,0.000000,0.000000,0.000000,READY,0x00000000
730,0.000000,0.000000,0.000000,0.000000,READY,0x00000000
740,0.000000,0.000000,0.000000,0.000000,READY,0x00000000
750,0.000000,0.000000,0.000000,0.000000,READY,0x00000000
760,0.000000,0.000000,0.000000,0.000000,READY,0x00000000
770,0.000000,0.000000,0.000000,0.000000,READY,0x00000000
780,0.000000,0.000000,0.000000,0.000000,READY,0x00000000
790,0.000000,0.000000,0.000000,0.000000,READY,0x00000000
800,0.000000,0.000000,0.000000,0.000000,READY,0x00000000
810,0.000000,0.000000,0.000000,0.000000,READY,0x00000000
820,0.000000,0.000000,0.000000,0.000000,READY,0x00000000
830,0.000000,0.000000,0.000000,0.000000,READY,0x00000000
840,0.000000,0.000000,0.000000,0.000000,READY,0x00000000
850,0.000000,0.000000,0.000000,0.000000,READY,0x00000000
860,0.000000,0.000000,0.000000,0.000000,READY,0x00000000
870,0.000000,0.000000,0.000000,0.000000,READY,0x00000000
880,0.000000,0.000000,0.000000,0.000000,READY,0x00000000
890,0.000000,0.000000,0.000000,0.000000,READY,0x00000000
900,0.000000,0.000000,0.000000,0.000000,READY,0x00000000
910,0.000000,0.000000,0.000000,0.000000,READY,0x00000000
920,0.000000,0.000000,0.000000,0.000000,READY,0x00000000
930,0.000000,0.000000,0.000000,0.000000,READY,0x00000000
940,0.000000,0.000000,0.000000,0.000000,READY,0x00000000
950,0.000000,0.000000,0.000000,0.000000,READY,0x00000000
960,0.000000,0.000000,0.000000,0.000000,READY,0x00000000
970,0.000000,0.000000,0.000000,0.000000,READY,0x00000000
980,0.000000,0.000000,0.000000,0.000000,READY,0x00000000
990,0.000000,0.000000,0.000000,0.000000,READY,0x00000000
1000,0.000000,0.000000,0.000000,0.000000,READY,0x00000000
1010,0.000000,0.000000,0.000000,0.000000,RUNNING,0x00000000
1020,0.000000,0.000000,0.000000,0.000000,RUNNING,0x00000000
1030,0.000000,0.000000,0.000000,0.000000,RUNNING,0x00000000
1040,0.000000,0.000000,0.000000,0.000000,RUNNING,0x00000000
1050,0.000000,0.000000,0.000000,0.000000,RUNNING,0x00000000
1060,0.000000,0.000000,0.000000,0.000000,RUNNING,0x00000000
1070,0.000000,0.000000,0.000000,0.000000,RUNNING,0x00000000
1080,0.000000,0.000000,0.000000,0.000000,RUNNING,0x00000000
1090,0.000000,0.000000,0.000000,0.000000,RUNNING,0x00000000
1100,0.000000,0.000000,0.000000,0.000000,RUNNING,0x00000000
1110,0.000000,0.000000,0.000000,0.000000,RUNNING,0x00000000
1120,0.000000,0.000000,0.000000,0.000000,RUNNING,0x00000000
1130,0.000000,0.000000,0.000000,0.000000,RUNNING,0x00000000
1140,0.000000,0.000000,0.000000,0.000000,RUNNING,0x00000000
1150,0.000000,0.000000,0.000000,0.000000,RUNNING,0x00000000
1160,0.000000,0.000000,0.000000,0.000000,RUNNING,0x00000000
1170,0.000000,0.000000,0.000000,0.000000,RUNNING,0x00000000
1180,0.000000,0.000000,0.000000,0.000000,RUNNING,0x00000000
1190,0.000000,0.000000,0.000000,0.000000,RUNNING,0x00000000
1200,0.000000,0.000000,0.000000,0.000000,RUNNING,0x00000000
1210,0.000000,0.000000,0.000000,0.000000,RUNNING,0x00000000
1220,0.000000,0.000000,0.000000,0.000000,RUNNING,0x00000000
1230,0.000000,0.000000,0.000000,0.000000,RUNNING,0x00000000
1240,0.000000,0.000000,0.000000,0.000000,RUNNING,0x00000000
1250,0.000000,0.000000,0.000000,0.000000,RUNNING,0x00000000
1260,0.000000,0.000000,0.000000,0.000000,RUNNING,0x00000000
1270,0.000000,0.000000,0.000000,0.000000,RUNNING,0x00000000
1280,0.000000,0.000000,0.000000,0.000000,RUNNING,0x00000000
1290,0.000000,0.000000,0.000000,0.000000,RUNNING,0x00000000
1300,0.000000,0.000000,0.000000,0.000000,RUNNING,0x00000000
1310,0.000000,0.000000,0.000000,0.000000,RUNNING,0x00000000
1320,0.000000,0.000000,0.000000,0.000000,RUNNING,0x00000000
1330,0.000000,0.000000,0.000000,0.000000,RUNNING,0x00000000
1340,0.000000,0.000000,0.000000,0.000000,RUNNING,0x00000000
1350,0.000000,0.000000,0.000000,0.000000,RUNNING,0x00000000
1360,0.000000,0.000000,0.000000,0.000000,RUNNING,0x00000000
1370,0.000000,0.000000,0.000000,0.000000,RUNNING,0x00000000
1380,0.000000,0.000000,0.000000,0.000000,RUNNING,0x00000000
1390,0.000000,0.000000,0.000000,0.000000,RUNNING,0x00000000
1400,0.000000,0.000000,0.000000,0.000000,RUNNING,0x00000000
1410,0.000000,0.000000,0.000000,0.000000,RUNNING,0x00000000
1420,0.000000,0.000000,0.000000,0.000000,RUNNING,0x00000000
1430,0.000000,0.000000,0.000000,0.000000,RUNNING,0x00000000
1440,0.000000,0.000000,0.000000,0.000000,RUNNING,0x00000000
1450,0.000000,0.000000,0.000000,0.000000,RUNNING,0x00000000
1460,0.000000,0.000000,0.000000,0.000000,RUNNING,0x00000000
1470,0.000000,0.000000,0.000000,0.000000,RUNNING,0x00000000
1480,0.000000,0.000000,0.000000,0.000000,RUNNING,0x00000000
1490,0.000000,0.000000,0.000000,0.000000,RUNNING,0x00000000
1500,0.000000,0.000000,0.000000,0.000000,RUNNING,0x00000000
1510,1000.000000,100.000000,100.000000,1.000000,RUNNING,0x00000000
1520,1000.000000,198.000000,100.000000,2.980000,RUNNING,0x00000000
1530,1000.000000,294.040009,100.000000,5.920400,RUNNING,0x00000000
1540,1000.000000,388.159210,100.000000,9.801992,RUNNING,0x00000000
1550,1000.000000,480.396027,100.000000,14.605952,RUNNING,0x00000000
1560,1000.000000,570.788086,100.000000,20.313833,RUNNING,0x00000000
1570,1000.000000,659.372314,100.000000,26.907557,RUNNING,0x00000000
1580,1000.000000,746.184875,100.000000,34.369404,RUNNING,0x00000000
1590,1000.000000,831.261169,100.000000,42.682014,RUNNING,0x00000000
1600,1000.000000,902.326904,87.690979,51.705284,RUNNING,0x00000000
1610,1000.000000,960.156250,75.875877,61.306847,RUNNING,0x00000000
1620,1000.000000,1006.818176,65.865028,71.375031,RUNNING,0x00000000
1630,1000.000000,1044.079468,57.397701,81.815826,RUNNING,0x00000000
1640,1000.000000,1073.447754,50.249874,92.550301,RUNNING,0x00000000
1650,1000.000000,1096.207886,44.229103,103.512383,RUNNING,0x00000000
1660,1000.000000,1113.453979,39.170200,114.646919,RUNNING,0x00000000
1670,1000.000000,1126.116211,34.931362,125.908081,RUNNING,0x00000000
1680,1000.000000,1134.984863,31.391001,137.257935,RUNNING,0x00000000
1690,1000.000000,1140.729980,28.444794,148.665237,RUNNING,0x00000000
1700,1000.000000,1143.918701,26.003372,160.104431,RUNNING,0x00000000
1710,1000.000000,1145.030518,23.990217,171.554733,RUNNING,0x00000000
1720,1000.000000,1144.469727,22.339785,182.999435,RUNNING,0x00000000
1730,1000.000000,1142.576416,20.996029,194.425201,RUNNING,0x00000000
1740,1000.000000,1139.635986,19.911058,205.821564,RUNNING,0x00000000
1750,1000.000000,1135.887207,19.043978,217.180435,RUNNING,0x00000000
1760,1000.000000,1131.529297,18.359886,228.495728,RUNNING,0x00000000
1770,1000.000000,1126.727783,17.829018,239.763000,RUNNING,0x00000000
1780,1000.000000,1121.619263,17.426012,250.979187,RUNNING,0x00000000
1790,1000.000000,1116.316284,17.129353,262.142365,RUNNING,0x00000000
1800,1000.000000,1110.910645,16.920727,273.251465,RUNNING,0x00000000
1810,1000.000000,1105.477051,16.784634,284.306244,RUNNING,0x00000000
1820,1000.000000,1100.075439,16.707909,295.307007,RUNNING,0x00000000
1830,1000.000000,1094.753418,16.679443,306.254547,RUNNING,0x00000000
1840,1000.000000,1089.548218,16.689875,317.150024,RUNNING,0x00000000
1850,1000.000000,1084.488525,16.731331,327.994904,RUNNING,0x00000000
1860,1000.000000,1079.595947,16.797188,338.790863,RUNNING,0x00000000
1870,1000.000000,1074.885864,16.881893,349.539734,RUNNING,0x00000000
1880,1000.000000,1070.369019,16.980848,360.243439,RUNNING,0x00000000
1890,1000.000000,1066.051880,17.090191,370.903961,RUNNING,0x00000000
1900,1000.000000,1061.937622,17.206757,381.523346,RUNNING,0x00000000
1910,1000.000000,1058.026855,17.327946,392.103607,RUNNING,0x00000000
1920,1000.000000,1054.317993,17.451616,402.646790,RUNNING,0x00000000
1930,1000.000000,1050.807617,17.576031,413.154877,RUNNING,0x00000000
1940,1000.000000,1047.491333,17.699821,423.629791,RUNNING,0x00000000
1950,1000.000000,1044.363403,17.821840,434.073425,RUNNING,0x00000000
1960,1000.000000,1041.417358,17.941235,444.487610,RUNNING,0x00000000
1970,1000.000000,1038.646362,18.057350,454.874084,RUNNING,0x00000000
1980,1000.000000,1036.043091,18.169666,465.234528,RUNNING,0x00000000
1990,1000.000000,1033.600098,18.277822,475.570526,RUNNING,0x00000000
2000,1000.000000,1031.309692,18.381561,485.883636,RUNNING,0x00000000
2010,1000.000000,1029.164185,18.480738,496.175293,RUNNING,0x00000000
2020,1000.000000,1027.156128,18.575287,506.446869,RUNNING,0x00000000
2030,1000.000000,1025.278198,18.665176,516.699646,RUNNING,0x00000000
2040,1000.000000,1023.523071,18.750422,526.934875,RUNNING,0x00000000
2050,1000.000000,1021.883728,18.831112,537.153687,RUNNING,0x00000000
2060,1000.000000,1020.353394,18.907356,547.357239,RUNNING,0x00000000
2070,1000.000000,1018.925598,18.979284,557.546509,RUNNING,0x00000000
2080,1000.000000,1017.594116,19.047029,567.722473,RUNNING,0x00000000
2090,1000.000000,1016.352966,19.110756,577.885986,RUNNING,0x00000000
2100,1000.000000,1015.196533,19.170631,588.037964,RUNNING,0x00000000
2110,1000.000000,1014.119446,19.226824,598.179138,RUNNING,0x00000000
2120,1000.000000,1013.116577,19.279505,608.310303,RUNNING,0x00000000
2130,1000.000000,1012.183105,19.328854,618.432129,RUNNING,0x00000000
2140,1000.000000,1011.314514,19.375048,628.545288,RUNNING,0x00000000
2150,1000.000000,1010.506470,19.418247,638.650330,RUNNING,0x00000000
2160,1000.000000,1009.754944,19.458632,648.747864,RUNNING,0x00000000
2170,1000.000000,1009.056213,19.496357,658.838440,RUNNING,0x00000000
2180,1000.000000,1008.406677,19.531565,668.922485,RUNNING,0x00000000
2190,1000.000000,1007.802979,19.564415,679.000488,RUNNING,0x00000000
2200,1000.000000,1007.241943,19.595053,689.072937,RUNNING,0x00000000
2210,1000.000000,1006.720703,19.623617,699.140137,RUNNING,0x00000000
2220,1000.000000,1006.236511,19.650234,709.202515,RUNNING,0x00000000
2230,1000.000000,1005.786804,19.675024,719.260376,RUNNING,0x00000000
2240,1000.000000,1005.369141,19.698103,729.314087,RUNNING,0x00000000
2250,1000.000000,1004.981323,19.719589,739.363892,RUNNING,0x00000000
2260,1000.000000,1004.621277,19.739584,749.410095,RUNNING,0x00000000
2270,1000.000000,1004.287048,19.758181,759.452942,RUNNING,0x00000000
2280,1000.000000,1003.976807,19.775471,769.492737,RUNNING,0x00000000
2290,1000.000000,1003.688843,19.791546,779.529602,RUNNING,0x00000000
2300,1000.000000,1003.421570,19.806492,789.563843,RUNNING,0x00000000
2310,1000.000000,1003.173523,19.820385,799.595581,RUNNING,0x00000000
2320,1000.000000,1002.943359,19.833300,809.625000,RUNNING,0x00000000
2330,1000.000000,1002.729797,19.845295,819.652283,RUNNING,0x00000000
2340,1000.000000,1002.531616,19.856438,829.677612,RUNNING,0x00000000
2350,1000.000000,1002.347778,19.866795,839.701111,RUNNING,0x00000000
2360,1000.000000,1002.177246,19.876408,849.722900,RUNNING,0x00000000
2370,1000.000000,1002.019043,19.885330,859.743103,RUNNING,0x00000000
2380,1000.000000,1001.872253,19.893616,869.761841,RUNNING,0x00000000
2390,1000.000000,1001.736145,19.901316,879.779175,RUNNING,0x00000000
2400,1000.000000,1001.609863,19.908455,889.795288,RUNNING,0x00000000
2410,1000.000000,1001.492737,19.915087,899.810242,RUNNING,0x00000000
2420,1000.000000,1001.384155,19.921244,909.824097,RUNNING,0x00000000
2430,1000.000000,1001.283447,19.926947,919.836914,RUNNING,0x00000000
2440,1000.000000,1001.190002,19.932240,929.848816,RUNNING,0x00000000
2450,1000.000000,1001.103333,19.937159,939.859863,RUNNING,0x00000000
2460,1000.000000,1001.023010,19.941725,949.870117,RUNNING,0x00000000
2470,1000.000000,1000.948486,19.945953,959.879578,RUNNING,0x00000000
2480,1000.000000,1000.879395,19.949883,969.888367,RUNNING,0x00000000
2490,1000.000000,1000.815308,19.953524,979.896545,RUNNING,0x00000000
2500,1000.000000,1000.755920,19.956905,989.904114,RUNNING,0x00000000
2510,1000.000000,1000.700867,19.960035,999.911133,RUNNING,0x00000000
2520,1000.000000,1000.649780,19.962936,1009.917603,RUNNING,0x00000000
2530,1000.000000,1000.602417,19.965633,1019.923645,RUNNING,0x00000000
2540,1000.000000,1000.558533,19.968136,1029.929199,RUNNING,0x00000000
2550,1000.000000,1000.517822,19.970449,1039.934326,RUNNING,0x00000000
2560,1000.000000,1000.480042,19.972599,1049.939087,RUNNING,0x00000000
2570,1000.000000,1000.445068,19.974600,1059.943481,RUNNING,0x00000000
2580,1000.000000,1000.412598,19.976444,1069.947632,RUNNING,0x00000000
2590,1000.000000,1000.382507,19.978163,1079.951416,RUNNING,0x00000000
2600,1000.000000,1000.354614,19.979755,1089.954956,RUNNING,0x00000000
2610,1000.000000,1000.328735,19.981230,1099.958252,RUNNING,0x00000000
2620,1000.000000,1000.304749,19.982601,1109.961304,RUNNING,0x00000000
2630,1000.000000,1000.282532,19.983870,1119.964111,RUNNING,0x00000000
2640,1000.000000,1000.261902,19.985044,1129.966675,RUNNING,0x00000000
2650,1000.000000,1000.242798,19.986139,1139.969116,RUNNING,0x00000000
2660,1000.000000,1000.225098,19.987150,1149.971313,RUNNING,0x00000000
2670,1000.000000,1000.208679,19.988085,1159.973389,RUNNING,0x00000000
2680,1000.000000,1000.193481,19.988955,1169.975342,RUNNING,0x00000000
2690,1000.000000,1000.179382,19.989756,1179.977173,RUNNING,0x00000000
2700,1000.000000,1000.166321,19.990499,1189.978882,RUNNING,0x00000000
2710,1000.000000,1000.154175,19.991188,1199.980469,RUNNING,0x00000000
2720,1000.000000,1000.142944,19.991833,1209.981934,RUNNING,0x00000000
2730,1000.000000,1000.132507,19.992426,1219.983276,RUNNING,0x00000000
2740,1000.000000,1000.122864,19.992979,1229.984497,RUNNING,0x00000000
2750,1000.000000,1000.113892,19.993486,1239.985596,RUNNING,0x00000000
2760,1000.000000,1000.105591,19.993963,1249.986694,RUNNING,0x00000000
2770,1000.000000,1000.097900,19.994400,1259.987671,RUNNING,0x00000000
2780,1000.000000,1000.090759,19.994806,1269.988525,RUNNING,0x00000000
2790,1000.000000,1000.084106,19.995184,1279.989380,RUNNING,0x00000000
2800,1000.000000,1000.077942,19.995541,1289.990112,RUNNING,0x00000000
2810,1000.000000,1000.072266,19.995869,1299.990845,RUNNING,0x00000000
2820,1000.000000,1000.067017,19.996168,1309.991455,RUNNING,0x00000000
2830,1000.000000,1000.062134,19.996445,1319.992065,RUNNING,0x00000000
2840,1000.000000,1000.057617,19.996700,1329.992676,RUNNING,0x00000000
2850,1000.000000,1000.053406,19.996939,1339.993164,RUNNING,0x00000000
2860,1000.000000,1000.049500,19.997162,1349.993652,RUNNING,0x00000000
2870,1000.000000,1000.045898,19.997370,1359.994141,RUNNING,0x00000000
2880,1000.000000,1000.042542,19.997557,1369.994507,RUNNING,0x00000000
2890,1000.000000,1000.039429,19.997736,1379.994873,RUNNING,0x00000000
2900,1000.000000,1000.036560,19.997902,1389.995239,RUNNING,0x00000000
2910,1000.000000,1000.033875,19.998053,1399.995605,RUNNING,0x00000000
2920,1000.000000,1000.031372,19.998196,1409.995972,RUNNING,0x00000000
2930,1000.000000,1000.029053,19.998333,1419.996216,RUNNING,0x00000000
2940,1000.000000,1000.026917,19.998461,1429.996460,RUNNING,0x00000000
2950,1000.000000,1000.024963,19.998577,1439.996704,RUNNING,0x00000000
2960,1000.000000,1000.023132,19.998678,1449.996948,RUNNING,0x00000000
2970,1000.000000,1000.021423,19.998777,1459.997192,RUNNING,0x00000000
2980,1000.000000,1000.019836,19.998871,1469.997437,RUNNING,0x00000000
2990,1000.000000,1000.018372,19.998959,1479.997681,RUNNING,0x00000000
3000,1000.000000,1000.017029,19.999039,1489.997803,RUNNING,0x00000000
3010,1000.000000,1000.015808,19.999111,1499.997925,RUNNING,0x00000000
3020,1000.000000,1000.014648,19.999172,1509.998047,RUNNING,0x00000000
3030,1000.000000,1000.013611,19.999235,1519.998169,RUNNING,0x00000000
3040,1000.000000,1000.012634,19.999287,1529.998291,RUNNING,0x00000000
3050,1000.000000,1000.011719,19.999336,1539.998413,RUNNING,0x00000000
3060,1000.000000,1000.010864,19.999384,1549.998535,RUNNING,0x00000000
3070,1000.000000,1000.010071,19.999430,1559.998657,RUNNING,0x00000000
3080,1000.000000,1000.009338,19.999472,1569.998779,RUNNING,0x00000000
3090,1000.000000,1000.008667,19.999510,1579.998901,RUNNING,0x00000000
3100,1000.000000,1000.008057,19.999544,1589.999023,RUNNING,0x00000000
3110,1000.000000,1000.007446,19.999575,1599.999146,RUNNING,0x00000000
3120,1000.000000,1000.006897,19.999609,1609.999268,RUNNING,0x00000000
3130,1000.000000,1000.006409,19.999640,1619.999390,RUNNING,0x00000000
3140,1000.000000,1000.005920,19.999662,1629.999390,RUNNING,0x00000000
3150,1000.000000,1000.005493,19.999691,1639.999390,RUNNING,0x00000000
3160,1000.000000,1000.005127,19.999714,1649.999390,RUNNING,0x00000000
3170,1000.000000,1000.004761,19.999727,1659.999390,RUNNING,0x00000000
3180,1000.000000,1000.004395,19.999746,1669.999390,RUNNING,0x00000000
3190,1000.000000,1000.004089,19.999767,1679.999390,RUNNING,0x00000000
3200,1000.000000,1000.003784,19.999783,1689.999390,RUNNING,0x00000000
3210,1000.000000,1000.003479,19.999800,1699.999390,RUNNING,0x00000000
3220,1000.000000,1000.003235,19.999821,1709.999390,RUNNING,0x00000000
3230,1000.000000,1000.002991,19.999832,1719.999390,RUNNING,0x00000000
3240,1000.000000,1000.002747,19.999846,1729.999390,RUNNING,0x00000000
3250,1000.000000,1000.002563,19.999863,1739.999390,RUNNING,0x00000000
3260,1000.000000,1000.002380,19.999870,1749.999390,RUNNING,0x00000000
3270,1000.000000,1000.002197,19.999880,1759.999390,RUNNING,0x00000000
3280,1000.000000,1000.002014,19.999891,1769.999390,RUNNING,0x00000000
3290,1000.000000,1000.001892,19.999903,1779.999390,RUNNING,0x00000000
3300,1000.000000,1000.001770,19.999905,1789.999390,RUNNING,0x00000000
3310,1000.000000,1000.001648,19.999910,1799.999390,RUNNING,0x00000000
3320,1000.000000,1000.001526,19.999914,1809.999390,RUNNING,0x00000000
3330,1000.000000,1000.001404,19.999922,1819.999390,RUNNING,0x00000000
3340,1000.000000,1000.001282,19.999931,1829.999390,RUNNING,0x00000000
3350,1000.000000,1000.001221,19.999939,1839.999390,RUNNING,0x00000000
3360,1000.000000,1000.001160,19.999939,1849.999390,RUNNING,0x00000000
3370,1000.000000,1000.001099,19.999939,1859.999390,RUNNING,0x00000000
3380,1000.000000,1000.001038,19.999937,1869.999390,RUNNING,0x00000000
3390,1000.000000,1000.000977,19.999939,1879.999390,RUNNING,0x00000000
3400,1000.000000,1000.000916,19.999941,1889.999390,RUNNING,0x00000000
3410,1000.000000,1000.000854,19.999943,1899.999390,RUNNING,0x00000000
3420,1000.000000,1000.000793,19.999945,1909.999390,RUNNING,0x00000000
3430,1000.000000,1000.000732,19.999949,1919.999390,RUNNING,0x00000000
3440,1000.000000,1000.000671,19.999952,1929.999390,RUNNING,0x00000000
3450,1000.000000,1000.000610,19.999956,1939.999390,RUNNING,0x00000000
3460,1000.000000,1000.000549,19.999960,1949.999390,RUNNING,0x00000000
3470,1000.000000,1000.000488,19.999966,1959.999390,RUNNING,0x00000000
3480,1000.000000,1000.000427,19.999971,1969.999390,RUNNING,0x00000000
3490,1000.000000,1000.000427,19.999979,1979.999390,RUNNING,0x00000000
3500,1000.000000,1000.000366,19.999975,1989.999390,RUNNING,0x00000000
3510,1000.000000,1000.000366,19.999981,1999.999390,RUNNING,0x00000000
3520,1000.000000,1000.000366,19.999977,2009.999390,RUNNING,0x00000000
3530,1000.000000,1000.000305,19.999973,2019.999390,RUNNING,0x00000000
3540,1000.000000,1000.000305,19.999981,2029.999390,RUNNING,0x00000000
3550,1000.000000,1000.000305,19.999977,2039.999390,RUNNING,0x00000000
3560,1000.000000,1000.000244,19.999973,2049.999512,RUNNING,0x00000000
3570,1000.000000,1000.000244,19.999983,2059.999512,RUNNING,0x00000000
3580,1000.000000,1000.000244,19.999981,2069.999512,RUNNING,0x00000000
3590,1000.000000,1000.000244,19.999979,2079.999512,RUNNING,0x00000000
3600,1000.000000,1000.000244,19.999977,2089.999512,RUNNING,0x00000000
3610,1000.000000,1000.000244,19.999975,2099.999512,RUNNING,0x00000000
3620,1000.000000,1000.000183,19.999973,2109.999512,RUNNING,0x00000000
3630,1000.000000,1000.000183,19.999983,2119.999512,RUNNING,0x00000000
3640,1000.000000,1000.000183,19.999981,2129.999512,RUNNING,0x00000000
3650,1000.000000,1000.000183,19.999979,2139.999512,RUNNING,0x00000000
3660,1000.000000,1000.000183,19.999977,2149.999512,RUNNING,0x00000000
3670,1000.000000,1000.000183,19.999975,2159.999512,RUNNING,0x00000000
3680,1000.000000,1000.000183,19.999973,2169.999512,RUNNING,0x00000000
3690,1000.000000,1000.000122,19.999971,2179.999512,RUNNING,0x00000000
3700,1000.000000,1000.000122,19.999979,2189.999512,RUNNING,0x00000000
3710,1000.000000,1000.000122,19.999977,2199.999512,RUNNING,0x00000000
3720,1000.000000,1000.000122,19.999975,2209.999512,RUNNING,0x00000000
3730,1000.000000,1000.000122,19.999973,2219.999512,RUNNING,0x00000000
3740,1000.000000,1000.000061,19.999971,2229.999512,RUNNING,0x00000000
3750,1000.000000,1000.000061,19.999983,2239.999512,RUNNING,0x00000000
3760,1000.000000,1000.000061,19.999983,2249.999512,RUNNING,0x00000000
3770,1000.000000,1000.000061,19.999983,2259.999512,RUNNING,0x00000000
3780,1000.000000,1000.000061,19.999983,2269.999512,RUNNING,0x00000000
3790,1000.000000,1000.000061,19.999983,2279.999512,RUNNING,0x00000000
3800,1000.000000,1000.000061,19.999983,2289.999512,RUNNING,0x00000000
3810,1000.000000,1000.000061,19.999983,2299.999512,RUNNING,0x00000000
3820,1000.000000,1000.000061,19.999983,2309.999512,RUNNING,0x00000000
3830,1000.000000,1000.000061,19.999983,2319.999512,RUNNING,0x00000000
3840,1000.000000,1000.000061,19.999983,2329.999512,RUNNING,0x00000000
3850,1000.000000,1000.000061,19.999983,2339.999512,RUNNING,0x00000000
3860,1000.000000,1000.000061,19.999983,2349.999512,RUNNING,0x00000000
3870,1000.000000,1000.000061,19.999983,2359.999512,RUNNING,0x00000000
3880,1000.000000,1000.000061,19.999983,2369.999512,RUNNING,0x00000000
3890,1000.000000,1000.000061,19.999983,2379.999512,RUNNING,0x00000000
3900,1000.000000,1000.000061,19.999983,2389.999512,RUNNING,0x00000000
3910,1000.000000,1000.000061,19.999983,2399.999512,RUNNING,0x00000000
3920,1000.000000,1000.000061,19.999983,2409.999512,RUNNING,0x00000000
3930,1000.000000,1000.000061,19.999983,2419.999512,RUNNING,0x00000000
3940,1000.000000,1000.000061,19.999983,2429.999512,RUNNING,0x00000000
3950,1000.000000,1000.000061,19.999983,2439.999512,RUNNING,0x00000000
3960,1000.000000,1000.000061,19.999983,2449.999512,RUNNING,0x00000000
3970,1000.000000,1000.000061,19.999983,2459.999512,RUNNING,0x00000000
3980,1000.000000,1000.000061,19.999983,2469.999512,RUNNING,0x00000000
3990,1000.000000,1000.000061,19.999983,2479.999512,RUNNING,0x00000000
4000,1000.000000,1000.000061,19.999983,2489.999512,RUNNING,0x00000000
4010,1000.000000,1000.000061,19.999983,2499.999512,RUNNING,0x00000000
4020,1000.000000,1000.000061,19.999983,2509.999512,RUNNING,0x00000000
4030,1000.000000,1000.000061,19.999983,2519.999512,RUNNING,0x00000000
4040,1000.000000,1000.000061,19.999983,2529.999512,RUNNING,0x00000000
4050,1000.000000,1000.000061,19.999983,2539.999512,RUNNING,0x00000000
4060,1000.000000,1000.000061,19.999983,2549.999512,RUNNING,0x00000000
4070,1000.000000,1000.000061,19.999983,2559.999512,RUNNING,0x00000000
4080,1000.000000,1000.000061,19.999983,2569.999512,RUNNING,0x00000000
4090,1000.000000,1000.000061,19.999983,2579.999512,RUNNING,0x00000000
4100,1000.000000,1000.000061,19.999983,2589.999512,RUNNING,0x00000000
4110,1000.000000,1000.000061,19.999983,2599.999512,RUNNING,0x00000000
4120,1000.000000,1000.000061,19.999983,2609.999512,RUNNING,0x00000000
4130,1000.000000,1000.000061,19.999983,2619.999512,RUNNING,0x00000000
4140,1000.000000,1000.000061,19.999983,2629.999512,RUNNING,0x00000000
4150,1000.000000,1000.000061,19.999983,2639.999512,RUNNING,0x00000000
4160,1000.000000,1000.000061,19.999983,2649.999512,RUNNING,0x00000000
4170,1000.000000,1000.000061,19.999983,2659.999512,RUNNING,0x00000000
4180,1000.000000,1000.000061,19.999983,2669.999512,RUNNING,0x00000000
4190,1000.000000,1000.000061,19.999983,2679.999512,RUNNING,0x00000000
4200,1000.000000,1000.000061,19.999983,2689.999512,RUNNING,0x00000000
4210,1000.000000,1000.000061,19.999983,2699.999512,RUNNING,0x00000000
4220,1000.000000,1000.000061,19.999983,2709.999512,RUNNING,0x00000000
4230,1000.000000,1000.000061,19.999983,2719.999512,RUNNING,0x00000000
4240,1000.000000,1000.000061,19.999983,2729.999512,RUNNING,0x00000000
4250,1000.000000,1000.000061,19.999983,2739.999512,RUNNING,0x00000000
4260,1000.000000,1000.000061,19.999983,2749.999512,RUNNING,0x00000000
4270,1000.000000,1000.000061,19.999983,2759.999512,RUNNING,0x00000000
4280,1000.000000,1000.000061,19.999983,2769.999512,RUNNING,0x00000000
4290,1000.000000,1000.000061,19.999983,2779.999512,RUNNING,0x00000000
4300,1000.000000,1000.000061,19.999983,2789.999512,RUNNING,0x00000000
4310,1000.000000,1000.000061,19.999983,2799.999512,RUNNING,0x00000000
4320,1000.000000,1000.000061,19.999983,2809.999512,RUNNING,0x00000000
4330,1000.000000,1000.000061,19.999983,2819.999512,RUNNING,0x00000000
4340,1000.000000,1000.000061,19.999983,2829.999512,RUNNING,0x00000000
4350,1000.000000,1000.000061,19.999983,2839.999512,RUNNING,0x00000000
4360,1000.000000,1000.000061,19.999983,2849.999512,RUNNING,0x00000000
4370,1000.000000,1000.000061,19.999983,2859.999512,RUNNING,0x00000000
4380,1000.000000,1000.000061,19.999983,2869.999512,RUNNING,0x00000000
4390,1000.000000,1000.000061,19.999983,2879.999512,RUNNING,0x00000000
4400,1000.000000,1000.000061,19.999983,2889.999512,RUNNING,0x00000000
4410,1000.000000,1000.000061,19.999983,2899.999512,RUNNING,0x00000000
4420,1000.000000,1000.000061,19.999983,2909.999512,RUNNING,0x00000000
4430,1000.000000,1000.000061,19.999983,2919.999512,RUNNING,0x00000000
4440,1000.000000,1000.000061,19.999983,2929.999512,RUNNING,0x00000000
4450,1000.000000,1000.000061,19.999983,2939.999512,RUNNING,0x00000000
4460,1000.000000,1000.000061,19.999983,2949.999512,RUNNING,0x00000000
4470,1000.000000,1000.000061,19.999983,2959.999512,RUNNING,0x00000000
4480,1000.000000,1000.000061,19.999983,2969.999512,RUNNING,0x00000000
4490,1000.000000,1000.000061,19.999983,2979.999512,RUNNING,0x00000000
4500,1000.000000,1000.000061,19.999983,2989.999512,RUNNING,0x00000000
4510,1000.000000,1000.000061,19.999983,2999.999512,RUNNING,0x00000000
4520,1000.000000,1000.000061,19.999983,3009.999512,RUNNING,0x00000000
4530,1000.000000,1000.000061,19.999983,3019.999512,RUNNING,0x00000000
4540,1000.000000,1000.000061,19.999983,3029.999512,RUNNING,0x00000000
4550,1000.000000,1000.000061,19.999983,3039.999512,RUNNING,0x00000000
4560,1000.000000,1000.000061,19.999983,3049.999512,RUNNING,0x00000000
4570,1000.000000,1000.000061,19.999983,3059.999512,RUNNING,0x00000000
4580,1000.000000,1000.000061,19.999983,3069.999512,RUNNING,0x00000000
4590,1000.000000,1000.000061,19.999983,3079.999512,RUNNING,0x00000000
4600,1000.000000,1000.000061,19.999983,3089.999512,RUNNING,0x00000000
4610,1000.000000,1000.000061,19.999983,3099.999512,RUNNING,0x00000000
4620,1000.000000,1000.000061,19.999983,3109.999512,RUNNING,0x00000000
4630,1000.000000,1000.000061,19.999983,3119.999512,RUNNING,0x00000000
4640,1000.000000,1000.000061,19.999983,3129.999512,RUNNING,0x00000000
4650,1000.000000,1000.000061,19.999983,3139.999512,RUNNING,0x00000000
4660,1000.000000,1000.000061,19.999983,3149.999512,RUNNING,0x00000000
4670,1000.000000,1000.000061,19.999983,3159.999512,RUNNING,0x00000000
4680,1000.000000,1000.000061,19.999983,3169.999512,RUNNING,0x00000000
4690,1000.000000,1000.000061,19.999983,3179.999512,RUNNING,0x00000000
4700,1000.000000,1000.000061,19.999983,3189.999512,RUNNING,0x00000000
4710,1000.000000,1000.000061,19.999983,3199.999512,RUNNING,0x00000000
4720,1000.000000,1000.000061,19.999983,3209.999512,RUNNING,0x00000000
4730,1000.000000,1000.000061,19.999983,3219.999512,RUNNING,0x00000000
4740,1000.000000,1000.000061,19.999983,3229.999512,RUNNING,0x00000000
4750,1000.000000,1000.000061,19.999983,3239.999512,RUNNING,0x00000000
4760,1000.000000,1000.000061,19.999983,3249.999512,RUNNING,0x00000000
4770,1000.000000,1000.000061,19.999983,3259.999512,RUNNING,0x00000000
4780,1000.000000,1000.000061,19.999983,3269.999512,RUNNING,0x00000000
4790,1000.000000,1000.000061,19.999983,3279.999512,RUNNING,0x00000000
4800,1000.000000,1000.000061,19.999983,3289.999512,RUNNING,0x00000000
4810,1000.000000,1000.000061,19.999983,3299.999512,RUNNING,0x00000000
4820,1000.000000,1000.000061,19.999983,3309.999512,RUNNING,0x00000000
4830,1000.000000,1000.000061,19.999983,3319.999512,RUNNING,0x00000000
4840,1000.000000,1000.000061,19.999983,3329.999512,RUNNING,0x00000000
4850,1000.000000,1000.000061,19.999983,3339.999512,RUNNING,0x00000000
4860,1000.000000,1000.000061,19.999983,3349.999512,RUNNING,0x00000000
4870,1000.000000,1000.000061,19.999983,3359.999512,RUNNING,0x00000000
4880,1000.000000,1000.000061,19.999983,3369.999512,RUNNING,0x00000000
4890,1000.000000,1000.000061,19.999983,3379.999512,RUNNING,0x00000000
4900,1000.000000,1000.000061,19.999983,3389.999512,RUNNING,0x00000000
4910,1000.000000,1000.000061,19.999983,3399.999512,RUNNING,0x00000000
4920,1000.000000,1000.000061,19.999983,3409.999512,RUNNING,0x00000000
4930,1000.000000,1000.000061,19.999983,3419.999512,RUNNING,0x00000000
4940,1000.000000,1000.000061,19.999983,3429.999512,RUNNING,0x00000000
4950,1000.000000,1000.000061,19.999983,3439.999512,RUNNING,0x00000000
4960,1000.000000,1000.000061,19.999983,3449.999512,RUNNING,0x00000000
4970,1000.000000,1000.000061,19.999983,3459.999512,RUNNING,0x00000000
4980,1000.000000,1000.000061,19.999983,3469.999512,RUNNING,0x00000000
4990,1000.000000,1000.000061,19.999983,3479.999512,RUNNING,0x00000000
5000,1000.000000,1000.000061,19.999983,3489.999512,RUNNING,0x00000000
5010,1500.000000,1080.000000,100.000000,3500.799561,RUNNING,0x00000000
5020,1500.000000,1158.400024,100.000000,3512.383545,RUNNING,0x00000000
5030,1500.000000,1229.336060,94.103989,3524.677002,RUNNING,0x00000000
5040,1500.000000,1288.791504,84.042145,3537.564941,RUNNING,0x00000000
5050,1500.000000,1338.467896,75.452248,3550.949707,RUNNING,0x00000000
5060,1500.000000,1379.824341,68.125816,3564.748047,RUNNING,0x00000000
5070,1500.000000,1414.111206,61.883411,3578.889160,RUNNING,0x00000000
5080,1500.000000,1442.399658,56.570663,3593.313232,RUNNING,0x00000000
5090,1500.000000,1465.606445,52.054745,3607.969238,RUNNING,0x00000000
5100,1500.000000,1484.515747,48.221462,3622.814453,RUNNING,0x00000000
5110,1500.000000,1499.798096,44.972630,3637.812500,RUNNING,0x00000000
5120,1500.000000,1512.026001,42.223824,3652.932861,RUNNING,0x00000000
5130,1500.000000,1521.687988,39.902542,3668.149658,RUNNING,0x00000000
5140,1500.000000,1529.200684,37.946503,3683.441650,RUNNING,0x00000000
5150,1500.000000,1534.918823,36.302212,3698.790771,RUNNING,0x00000000
5160,1500.000000,1539.144165,34.923756,3714.182129,RUNNING,0x00000000
5170,1500.000000,1542.133057,33.771751,3729.603516,RUNNING,0x00000000
5180,1500.000000,1544.102783,32.812424,3745.044434,RUNNING,0x00000000
5190,1500.000000,1545.237549,32.016846,3760.496826,RUNNING,0x00000000
5200,1500.000000,1545.692993,31.360209,3775.953857,RUNNING,0x00000000
5210,1500.000000,1545.600464,30.821301,3791.409912,RUNNING,0x00000000
5220,1500.000000,1545.070435,30.381950,3806.860596,RUNNING,0x00000000
5230,1500.000000,1544.195679,30.026653,3822.302490,RUNNING,0x00000000
5240,1500.000000,1543.053955,29.742153,3837.732910,RUNNING,0x00000000
5250,1500.000000,1541.709961,29.517126,3853.149902,RUNNING,0x00000000
5260,1500.000000,1540.217651,29.341946,3868.552002,RUNNING,0x00000000
5270,1500.000000,1538.621704,29.208385,3883.938232,RUNNING,0x00000000
5280,1500.000000,1536.958740,29.109442,3899.307861,RUNNING,0x00000000
5290,1500.000000,1535.258789,29.039188,3914.660400,RUNNING,0x00000000
5300,1500.000000,1533.546143,28.992590,3929.995850,RUNNING,0x00000000
5310,1500.000000,1531.840576,28.965406,3945.314209,RUNNING,0x00000000
5320,1500.000000,1530.157715,28.954002,3960.615723,RUNNING,0x00000000
5330,1500.000000,1528.509888,28.955339,3975.900879,RUNNING,0x00000000
5340,1500.000000,1526.906494,28.966848,3991.169922,RUNNING,0x00000000
5350,1500.000000,1525.354736,28.986395,4006.423584,RUNNING,0x00000000
5360,1500.000000,1523.859863,29.012163,4021.662109,RUNNING,0x00000000
5370,1500.000000,1522.425293,29.042643,4036.886475,RUNNING,0x00000000
5380,1500.000000,1521.053345,29.076611,4052.096924,RUNNING,0x00000000
5390,1500.000000,1519.745361,29.113028,4067.294434,RUNNING,0x00000000
5400,1500.000000,1518.501465,29.151012,4082.479492,RUNNING,0x00000000
5410,1500.000000,1517.321289,29.189901,4097.652832,RUNNING,0x00000000
5420,1500.000000,1516.203979,29.229118,4112.814941,RUNNING,0x00000000
5430,1500.000000,1515.148071,29.268194,4127.966309,RUNNING,0x00000000
5440,1500.000000,1514.151855,29.306776,4143.107910,RUNNING,0x00000000
5450,1500.000000,1513.213379,29.344576,4158.240234,RUNNING,0x00000000
5460,1500.000000,1512.330444,29.381369,4173.363770,RUNNING,0x00000000
5470,1500.000000,1511.500854,29.416992,4188.479004,RUNNING,0x00000000
5480,1500.000000,1510.722168,29.451309,4203.586426,RUNNING,0x00000000
5490,1500.000000,1509.991943,29.484251,4218.686523,RUNNING,0x00000000
5500,1500.000000,1509.307861,29.515772,4233.779785,RUNNING,0x00000000
5510,1500.000000,1508.667480,29.545828,4248.866699,RUNNING,0x00000000
5520,1500.000000,1508.068604,29.574421,4263.947266,RUNNING,0x00000000
5530,1500.000000,1507.508789,29.601532,4279.022461,RUNNING,0x00000000
5540,1500.000000,1506.985840,29.627211,4294.092285,RUNNING,0x00000000
5550,1500.000000,1506.497559,29.651482,4309.157227,RUNNING,0x00000000
5560,1500.000000,1506.041992,29.674397,4324.217773,RUNNING,0x00000000
5570,1500.000000,1505.617188,29.695980,4339.273926,RUNNING,0x00000000
5580,1500.000000,1505.221069,29.716274,4354.326172,RUNNING,0x00000000
5590,1500.000000,1504.852051,29.735365,4369.374512,RUNNING,0x00000000
5600,1500.000000,1504.508301,29.753267,4384.419434,RUNNING,0x00000000
5610,1500.000000,1504.188232,29.770060,4399.461426,RUNNING,0x00000000
5620,1500.000000,1503.890259,29.785791,4414.500488,RUNNING,0x00000000
5630,1500.000000,1503.613037,29.800524,4429.536621,RUNNING,0x00000000
5640,1500.000000,1503.355103,29.814293,4444.570312,RUNNING,0x00000000
5650,1500.000000,1503.115112,29.827171,4459.601562,RUNNING,0x00000000
5660,1500.000000,1502.891968,29.839218,4474.630371,RUNNING,0x00000000
5670,1500.000000,1502.684570,29.850466,4489.657227,RUNNING,0x00000000
5680,1500.000000,1502.491821,29.860950,4504.682129,RUNNING,0x00000000
5690,1500.000000,1502.312744,29.870728,4519.705078,RUNNING,0x00000000
5700,1500.000000,1502.146362,29.879835,4534.726562,RUNNING,0x00000000
5710,1500.000000,1501.991699,29.888321,4549.746582,RUNNING,0x00000000
5720,1500.000000,1501.848145,29.896244,4564.765137,RUNNING,0x00000000
5730,1500.000000,1501.714722,29.903601,4579.782227,RUNNING,0x00000000
5740,1500.000000,1501.590942,29.910471,4594.798340,RUNNING,0x00000000
5750,1500.000000,1501.475952,29.916842,4609.812988,RUNNING,0x00000000
5760,1500.000000,1501.369263,29.922781,4624.826660,RUNNING,0x00000000
5770,1500.000000,1501.270142,29.928291,4639.839355,RUNNING,0x00000000
5780,1500.000000,1501.178223,29.933432,4654.851074,RUNNING,0x00000000
5790,1500.000000,1501.092896,29.938196,4669.861816,RUNNING,0x00000000
5800,1500.000000,1501.013672,29.942625,4684.872070,RUNNING,0x00000000
5810,1500.000000,1500.940186,29.946749,4699.881348,RUNNING,0x00000000
5820,1500.000000,1500.871948,29.950575,4714.890137,RUNNING,0x00000000
5830,1500.000000,1500.808594,29.954138,4729.898438,RUNNING,0x00000000
5840,1500.000000,1500.749878,29.957457,4744.905762,RUNNING,0x00000000
5850,1500.000000,1500.695435,29.960526,4759.912598,RUNNING,0x00000000
5860,1500.000000,1500.644897,29.963371,4774.918945,RUNNING,0x00000000
5870,1500.000000,1500.598022,29.966019,4789.924805,RUNNING,0x00000000
5880,1500.000000,1500.554565,29.968477,4804.930176,RUNNING,0x00000000
5890,1500.000000,1500.514282,29.970753,4819.935547,RUNNING,0x00000000
5900,1500.000000,1500.476807,29.972860,4834.940430,RUNNING,0x00000000
5910,1500.000000,1500.442139,29.974838,4849.944824,RUNNING,0x00000000
5920,1500.000000,1500.409912,29.976658,4864.948730,RUNNING,0x00000000
5930,1500.000000,1500.380127,29.978359,4879.952637,RUNNING,0x00000000
5940,1500.000000,1500.352417,29.979919,4894.956055,RUNNING,0x00000000
5950,1500.000000,1500.326782,29.981382,4909.959473,RUNNING,0x00000000
5960,1500.000000,1500.302979,29.982729,4924.962402,RUNNING,0x00000000
5970,1500.000000,1500.280884,29.983984,4939.965332,RUNNING,0x00000000
5980,1500.000000,1500.260376,29.985151,4954.967773,RUNNING,0x00000000
5990,1500.000000,1500.241455,29.986240,4969.970215,RUNNING,0x00000000
6000,1500.000000,1500.223877,29.987230,4984.972656,RUNNING,0x00000000
6010,1500.000000,1500.207520,29.988155,4999.974609,RUNNING,0x00000000
6020,1500.000000,1500.192383,29.989025,5014.976562,RUNNING,0x00000000
6030,1500.000000,1500.178345,29.989824,5029.978516,RUNNING,0x00000000
6040,1500.000000,1500.165405,29.990568,5044.979980,RUNNING,0x00000000
6050,1500.000000,1500.153320,29.991243,5059.981445,RUNNING,0x00000000
6060,1500.000000,1500.142090,29.991886,5074.982910,RUNNING,0x00000000
6070,1500.000000,1500.131714,29.992487,5089.984375,RUNNING,0x00000000
6080,1500.000000,1500.122070,29.993036,5104.985352,RUNNING,0x00000000
6090,1500.000000,1500.113159,29.993551,5119.986328,RUNNING,0x00000000
6100,1500.000000,1500.104980,29.994024,5134.987305,RUNNING,0x00000000
6110,1500.000000,1500.097290,29.994448,5149.988281,RUNNING,0x00000000
6120,1500.000000,1500.090210,29.994860,5164.989258,RUNNING,0x00000000
6130,1500.000000,1500.083618,29.995232,5179.990234,RUNNING,0x00000000
6140,1500.000000,1500.077515,29.995583,5194.991211,RUNNING,0x00000000
6150,1500.000000,1500.071899,29.995907,5209.991699,RUNNING,0x00000000
6160,1500.000000,1500.066650,29.996199,5224.992188,RUNNING,0x00000000
6170,1500.000000,1500.061768,29.996477,5239.992676,RUNNING,0x00000000
6180,1500.000000,1500.057251,29.996738,5254.993164,RUNNING,0x00000000
6190,1500.000000,1500.053101,29.996979,5269.993652,RUNNING,0x00000000
6200,1500.000000,1500.049194,29.997196,5284.994141,RUNNING,0x00000000
6210,1500.000000,1500.045654,29.997406,5299.994629,RUNNING,0x00000000
6220,1500.000000,1500.042358,29.997589,5314.995117,RUNNING,0x00000000
6230,1500.000000,1500.039307,29.997759,5329.995605,RUNNING,0x00000000
6240,1500.000000,1500.036377,29.997915,5344.996094,RUNNING,0x00000000
6250,1500.000000,1500.033691,29.998077,5359.996582,RUNNING,0x00000000
6260,1500.000000,1500.031250,29.998222,5374.997070,RUNNING,0x00000000
6270,1500.000000,1500.028931,29.998350,5389.997559,RUNNING,0x00000000
6280,1500.000000,1500.026855,29.998478,5404.998047,RUNNING,0x00000000
6290,1500.000000,1500.024902,29.998583,5419.998535,RUNNING,0x00000000
6300,1500.000000,1500.023071,29.998684,5434.998535,RUNNING,0x00000000
6310,1500.000000,1500.021362,29.998783,5449.998535,RUNNING,0x00000000
6320,1500.000000,1500.019775,29.998877,5464.998535,RUNNING,0x00000000
6330,1500.000000,1500.018311,29.998964,5479.998535,RUNNING,0x00000000
6340,1500.000000,1500.016968,29.999044,5494.998535,RUNNING,0x00000000
6350,1500.000000,1500.015747,29.999117,5509.998535,RUNNING,0x00000000
6360,1500.000000,1500.014648,29.999178,5524.998535,RUNNING,0x00000000
6370,1500.000000,1500.013550,29.999229,5539.998535,RUNNING,0x00000000
6380,1500.000000,1500.012573,29.999290,5554.998535,RUNNING,0x00000000
6390,1500.000000,1500.011719,29.999340,5569.998535,RUNNING,0x00000000
6400,1500.000000,1500.010864,29.999378,5584.998535,RUNNING,0x00000000
6410,1500.000000,1500.010132,29.999424,5599.998535,RUNNING,0x00000000
6420,1500.000000,1500.009399,29.999454,5614.998535,RUNNING,0x00000000
6430,1500.000000,1500.008667,29.999493,5629.998535,RUNNING,0x00000000
6440,1500.000000,1500.008057,29.999538,5644.998535,RUNNING,0x00000000
6450,1500.000000,1500.007446,29.999569,5659.998535,RUNNING,0x00000000
6460,1500.000000,1500.006958,29.999603,5674.998535,RUNNING,0x00000000
6470,1500.000000,1500.006470,29.999622,5689.998535,RUNNING,0x00000000
6480,1500.000000,1500.005981,29.999645,5704.998535,RUNNING,0x00000000
6490,1500.000000,1500.005493,29.999676,5719.998535,RUNNING,0x00000000
6500,1500.000000,1500.005127,29.999708,5734.998535,RUNNING,0x00000000
6510,1500.000000,1500.004761,29.999722,5749.998535,RUNNING,0x00000000
6520,1500.000000,1500.004395,29.999741,5764.998535,RUNNING,0x00000000
6530,1500.000000,1500.004028,29.999762,5779.998535,RUNNING,0x00000000
6540,1500.000000,1500.003784,29.999788,5794.998535,RUNNING,0x00000000
6550,1500.000000,1500.003540,29.999794,5809.998535,RUNNING,0x00000000
6560,1500.000000,1500.003296,29.999802,5824.998535,RUNNING,0x00000000
6570,1500.000000,1500.003052,29.999813,5839.998535,RUNNING,0x00000000
6580,1500.000000,1500.002808,29.999826,5854.998535,RUNNING,0x00000000
6590,1500.000000,1500.002563,29.999842,5869.998535,RUNNING,0x00000000
6600,1500.000000,1500.002319,29.999861,5884.998535,RUNNING,0x00000000
6610,1500.000000,1500.002197,29.999882,5899.998535,RUNNING,0x00000000
6620,1500.000000,1500.002075,29.999882,5914.998535,RUNNING,0x00000000
6630,1500.000000,1500.001953,29.999882,5929.998535,RUNNING,0x00000000
6640,1500.000000,1500.001831,29.999886,5944.998535,RUNNING,0x00000000
6650,1500.000000,1500.001709,29.999887,5959.998535,RUNNING,0x00000000
6660,1500.000000,1500.001587,29.999893,5974.998535,RUNNING,0x00000000
6670,1500.000000,1500.001465,29.999899,5989.998535,RUNNING,0x00000000
6680,1500.000000,1500.001343,29.999907,6004.998535,RUNNING,0x00000000
6690,1500.000000,1500.001221,29.999914,6019.998535,RUNNING,0x00000000
6700,1500.000000,1500.001099,29.999926,6034.998535,RUNNING,0x00000000
6710,1500.000000,1500.000977,29.999935,6049.998535,RUNNING,0x00000000
6720,1500.000000,1500.000854,29.999949,6064.998535,RUNNING,0x00000000
6730,1500.000000,1500.000854,29.999962,6079.998535,RUNNING,0x00000000
6740,1500.000000,1500.000732,29.999954,6094.998535,RUNNING,0x00000000
6750,1500.000000,1500.000732,29.999969,6109.998535,RUNNING,0x00000000
6760,1500.000000,1500.000732,29.999962,6124.998535,RUNNING,0x00000000
6770,1500.000000,1500.000732,29.999954,6139.998535,RUNNING,0x00000000
6780,1500.000000,1500.000610,29.999947,6154.998535,RUNNING,0x00000000
6790,1500.000000,1500.000610,29.999962,6169.998535,RUNNING,0x00000000
6800,1500.000000,1500.000610,29.999956,6184.998535,RUNNING,0x00000000
6810,1500.000000,1500.000488,29.999950,6199.998535,RUNNING,0x00000000
6820,1500.000000,1500.000488,29.999968,6214.998535,RUNNING,0x00000000
6830,1500.000000,1500.000488,29.999962,6229.998535,RUNNING,0x00000000
6840,1500.000000,1500.000488,29.999956,6244.998535,RUNNING,0x00000000
6850,1500.000000,1500.000488,29.999950,6259.998535,RUNNING,0x00000000
6860,1500.000000,1500.000366,29.999945,6274.998535,RUNNING,0x00000000
6870,1500.000000,1500.000366,29.999962,6289.998535,RUNNING,0x00000000
6880,1500.000000,1500.000366,29.999958,6304.998535,RUNNING,0x00000000
6890,1500.000000,1500.000366,29.999954,6319.998535,RUNNING,0x00000000
6900,1500.000000,1500.000366,29.999950,6334.998535,RUNNING,0x00000000
6910,1500.000000,1500.000366,29.999947,6349.998535,RUNNING,0x00000000
6920,1500.000000,1500.000244,29.999943,6364.998535,RUNNING,0x00000000
6930,1500.000000,1500.000244,29.999964,6379.998535,RUNNING,0x00000000
6940,1500.000000,1500.000244,29.999962,6394.998535,RUNNING,0x00000000
6950,1500.000000,1500.000244,29.999960,6409.998535,RUNNING,0x00000000
6960,1500.000000,1500.000244,29.999958,6424.998535,RUNNING,0x00000000
6970,1500.000000,1500.000244,29.999956,6439.998535,RUNNING,0x00000000
6980,1500.000000,1500.000244,29.999954,6454.998535,RUNNING,0x00000000
6990,1500.000000,1500.000244,29.999952,6469.998535,RUNNING,0x00000000
7000,1500.000000,1500.000244,29.999950,6484.998535,RUNNING,0x00000000
7010,1500.000000,1500.000244,29.999949,6499.998535,RUNNING,0x00000000
7020,1500.000000,1500.000244,29.999947,6514.998535,RUNNING,0x00000000
7030,1500.000000,1500.000244,29.999945,6529.998535,RUNNING,0x00000000
7040,1500.000000,1500.000122,29.999943,6544.998535,RUNNING,0x00000000
7050,1500.000000,1500.000122,29.999962,6559.998535,RUNNING,0x00000000
7060,1500.000000,1500.000122,29.999960,6574.998535,RUNNING,0x00000000
7070,1500.000000,1500.000122,29.999958,6589.998535,RUNNING,0x00000000
7080,1500.000000,1500.000122,29.999956,6604.998535,RUNNING,0x00000000
7090,1500.000000,1500.000122,29.999954,6619.998535,RUNNING,0x00000000
7100,1500.000000,1500.000122,29.999952,6634.998535,RUNNING,0x00000000
7110,1500.000000,1500.000122,29.999950,6649.998535,RUNNING,0x00000000
7120,1500.000000,1500.000122,29.999949,6664.998535,RUNNING,0x00000000
7130,1500.000000,1500.000122,29.999947,6679.998535,RUNNING,0x00000000
7140,1500.000000,1500.000122,29.999945,6694.998535,RUNNING,0x00000000
7150,1500.000000,1500.000122,29.999943,6709.998535,RUNNING,0x00000000
7160,1500.000000,1500.000000,29.999941,6724.998535,RUNNING,0x00000000
7170,1500.000000,1500.000000,29.999964,6739.998535,RUNNING,0x00000000
7180,1500.000000,1500.000000,29.999964,6754.998535,RUNNING,0x00000000
7190,1500.000000,1500.000000,29.999964,6769.998535,RUNNING,0x00000000
7200,1500.000000,1500.000000,29.999964,6784.998535,RUNNING,0x00000000
7210,1500.000000,1500.000000,29.999964,6799.998535,RUNNING,0x00000000
7220,1500.000000,1500.000000,29.999964,6814.998535,RUNNING,0x00000000
7230,1500.000000,1500.000000,29.999964,6829.998535,RUNNING,0x00000000
7240,1500.000000,1500.000000,29.999964,6844.998535,RUNNING,0x00000000
7250,1500.000000,1500.000000,29.999964,6859.998535,RUNNING,0x00000000
7260,1500.000000,1500.000000,29.999964,6874.998535,RUNNING,0x00000000
7270,1500.000000,1500.000000,29.999964,6889.998535,RUNNING,0x00000000
7280,1500.000000,1500.000000,29.999964,6904.998535,RUNNING,0x00000000
7290,1500.000000,1500.000000,29.999964,6919.998535,RUNNING,0x00000000
7300,1500.000000,1500.000000,29.999964,6934.998535,RUNNING,0x00000000
7310,1500.000000,1500.000000,29.999964,6949.998535,RUNNING,0x00000000
7320,1500.000000,1500.000000,29.999964,6964.998535,RUNNING,0x00000000
7330,1500.000000,1500.000000,29.999964,6979.998535,RUNNING,0x00000000
7340,1500.000000,1500.000000,29.999964,6994.998535,RUNNING,0x00000000
7350,1500.000000,1500.000000,29.999964,7009.998535,RUNNING,0x00000000
7360,1500.000000,1500.000000,29.999964,7024.998535,RUNNING,0x00000000
7370,1500.000000,1500.000000,29.999964,7039.998535,RUNNING,0x00000000
7380,1500.000000,1500.000000,29.999964,7054.998535,RUNNING,0x00000000
7390,1500.000000,1500.000000,29.999964,7069.998535,RUNNING,0x00000000
7400,1500.000000,1500.000000,29.999964,7084.998535,RUNNING,0x00000000
7410,1500.000000,1500.000000,29.999964,7099.998535,RUNNING,0x00000000
7420,1500.000000,1500.000000,29.999964,7114.998535,RUNNING,0x00000000
7430,1500.000000,1500.000000,29.999964,7129.998535,RUNNING,0x00000000
7440,1500.000000,1500.000000,29.999964,7144.998535,RUNNING,0x00000000
7450,1500.000000,1500.000000,29.999964,7159.998535,RUNNING,0x00000000
7460,1500.000000,1500.000000,29.999964,7174.998535,RUNNING,0x00000000
7470,1500.000000,1500.000000,29.999964,7189.998535,RUNNING,0x00000000
7480,1500.000000,1500.000000,29.999964,7204.998535,RUNNING,0x00000000
7490,1500.000000,1500.000000,29.999964,7219.998535,RUNNING,0x00000000
7500,1500.000000,1500.000000,29.999964,7234.998535,RUNNING,0x00000000
7510,1500.000000,1500.000000,29.999964,7249.998535,RUNNING,0x00000000
7520,1500.000000,1500.000000,29.999964,7264.998535,RUNNING,0x00000000
7530,1500.000000,1500.000000,29.999964,7279.998535,RUNNING,0x00000000
7540,1500.000000,1500.000000,29.999964,7294.998535,RUNNING,0x00000000
7550,1500.000000,1500.000000,29.999964,7309.998535,RUNNING,0x00000000
7560,1500.000000,1500.000000,29.999964,7324.998535,RUNNING,0x00000000
7570,1500.000000,1500.000000,29.999964,7339.998535,RUNNING,0x00000000
7580,1500.000000,1500.000000,29.999964,7354.998535,RUNNING,0x00000000
7590,1500.000000,1500.000000,29.999964,7369.998535,RUNNING,0x00000000
7600,1500.000000,1500.000000,29.999964,7384.998535,RUNNING,0x00000000
7610,1500.000000,1500.000000,29.999964,7399.998535,RUNNING,0x00000000
7620,1500.000000,1500.000000,29.999964,7414.998535,RUNNING,0x00000000
7630,1500.000000,1500.000000,29.999964,7429.998535,RUNNING,0x00000000
7640,1500.000000,1500.000000,29.999964,7444.998535,RUNNING,0x00000000
7650,1500.000000,1500.000000,29.999964,7459.998535,RUNNING,0x00000000
7660,1500.000000,1500.000000,29.999964,7474.998535,RUNNING,0x00000000
7670,1500.000000,1500.000000,29.999964,7489.998535,RUNNING,0x00000000
7680,1500.000000,1500.000000,29.999964,7504.998535,RUNNING,0x00000000
7690,1500.000000,1500.000000,29.999964,7519.998535,RUNNING,0x00000000
7700,1500.000000,1500.000000,29.999964,7534.998535,RUNNING,0x00000000
7710,1500.000000,1500.000000,29.999964,7549.998535,RUNNING,0x00000000
7720,1500.000000,1500.000000,29.999964,7564.998535,RUNNING,0x00000000
7730,1500.000000,1500.000000,29.999964,7579.998535,RUNNING,0x00000000
7740,1500.000000,1500.000000,29.999964,7594.998535,RUNNING,0x00000000
7750,1500.000000,1500.000000,29.999964,7609.998535,RUNNING,0x00000000
7760,1500.000000,1500.000000,29.999964,7624.998535,RUNNING,0x00000000
7770,1500.000000,1500.000000,29.999964,7639.998535,RUNNING,0x00000000
7780,1500.000000,1500.000000,29.999964,7654.998535,RUNNING,0x00000000
7790,1500.000000,1500.000000,29.999964,7669.998535,RUNNING,0x00000000
7800,1500.000000,1500.000000,29.999964,7684.998535,RUNNING,0x00000000
7810,1500.000000,1500.000000,29.999964,7699.998535,RUNNING,0x00000000
7820,1500.000000,1500.000000,29.999964,7714.998535,RUNNING,0x00000000
7830,1500.000000,1500.000000,29.999964,7729.998535,RUNNING,0x00000000
7840,1500.000000,1500.000000,29.999964,7744.998535,RUNNING,0x00000000
7850,1500.000000,1500.000000,29.999964,7759.998535,RUNNING,0x00000000
7860,1500.000000,1500.000000,29.999964,7774.998535,RUNNING,0x00000000
7870,1500.000000,1500.000000,29.999964,7789.998535,RUNNING,0x00000000
7880,1500.000000,1500.000000,29.999964,7804.998535,RUNNING,0x00000000
7890,1500.000000,1500.000000,29.999964,7819.998535,RUNNING,0x00000000
7900,1500.000000,1500.000000,29.999964,7834.998535,RUNNING,0x00000000
7910,1500.000000,1500.000000,29.999964,7849.998535,RUNNING,0x00000000
7920,1500.000000,1500.000000,29.999964,7864.998535,RUNNING,0x00000000
7930,1500.000000,1500.000000,29.999964,7879.998535,RUNNING,0x00000000
7940,1500.000000,1500.000000,29.999964,7894.998535,RUNNING,0x00000000
7950,1500.000000,1500.000000,29.999964,7909.998535,RUNNING,0x00000000
7960,1500.000000,1500.000000,29.999964,7924.998535,RUNNING,0x00000000
7970,1500.000000,1500.000000,29.999964,7939.998535,RUNNING,0x00000000
7980,1500.000000,1500.000000,29.999964,7954.998535,RUNNING,0x00000000
7990,1500.000000,1500.000000,29.999964,7969.998535,RUNNING,0x00000000
8000,1500.000000,1500.000000,29.999964,7984.998535,RUNNING,0x00000000
8010,-800.000000,1370.000000,-100.000000,7998.698730,RUNNING,0x00000000
8020,-800.000000,1242.599976,-100.000000,8011.124512,RUNNING,0x00000000
8030,-800.000000,1117.747925,-100.000000,8022.301758,RUNNING,0x00000000
8040,-800.000000,995.392944,-100.000000,8032.255859,RUNNING,0x00000000
8050,-800.000000,875.485107,-100.000000,8041.010742,RUNNING,0x00000000
8060,-800.000000,757.975403,-100.000000,8048.590332,RUNNING,0x00000000
8070,-800.000000,642.815918,-100.000000,8055.018555,RUNNING,0x00000000
8080,-800.000000,529.959595,-100.000000,8060.318359,RUNNING,0x00000000
8090,-800.000000,419.360413,-100.000000,8064.512207,RUNNING,0x00000000
8100,-800.000000,310.973206,-100.000000,8067.622070,RUNNING,0x00000000
8110,-800.000000,204.753738,-100.000000,8069.669434,RUNNING,0x00000000
8120,-800.000000,100.658661,-100.000000,8070.675781,RUNNING,0x00000000
8130,-800.000000,-1.354511,-100.000000,8070.662109,RUNNING,0x00000000
8140,-800.000000,-101.327415,-100.000000,8069.648926,RUNNING,0x00000000
8150,-800.000000,-199.300858,-100.000000,8067.655762,RUNNING,0x00000000
8160,-800.000000,-295.314850,-100.000000,8064.702637,RUNNING,0x00000000
8170,-800.000000,-389.408539,-100.000000,8060.808594,RUNNING,0x00000000
8180,-800.000000,-481.620361,-100.000000,8055.992188,RUNNING,0x00000000
8190,-800.000000,-571.987976,-100.000000,8050.272461,RUNNING,0x00000000
8200,-800.000000,-660.548218,-100.000000,8043.666992,RUNNING,0x00000000
8210,-800.000000,-747.337219,-100.000000,8036.193848,RUNNING,0x00000000
8220,-800.000000,-832.390442,-100.000000,8027.870117,RUNNING,0x00000000
8230,-800.000000,-909.588440,-93.845818,8018.774414,RUNNING,0x00000000
8240,-800.000000,-970.250977,-78.854286,8009.071777,RUNNING,0x00000000
8250,-800.000000,-1017.078491,-66.232521,7998.900879,RUNNING,0x00000000
8260,-800.000000,-1052.369751,-55.632786,7988.376953,RUNNING,0x00000000
8270,-800.000000,-1078.078979,-46.756664,7977.596191,RUNNING,0x00000000
8280,-800.000000,-1095.865601,-39.348209,7966.637695,RUNNING,0x00000000
8290,-800.000000,-1107.136230,-33.187962,7955.566406,RUNNING,0x00000000
8300,-800.000000,-1113.081421,-28.087883,7944.435547,RUNNING,0x00000000
8310,-800.000000,-1114.706787,-23.886934,7933.288574,RUNNING,0x00000000
8320,-800.000000,-1112.859985,-20.447304,7922.160156,RUNNING,0x00000000
8330,-800.000000,-1108.253906,-17.651127,7911.077637,RUNNING,0x00000000
8340,-800.000000,-1101.486450,-15.397679,7900.062988,RUNNING,0x00000000
8350,-800.000000,-1093.057739,-13.600960,7889.132324,RUNNING,0x00000000
8360,-800.000000,-1083.384155,-12.187548,7878.298340,RUNNING,0x00000000
8370,-800.000000,-1072.811401,-11.094950,7867.570312,RUNNING,0x00000000
8380,-800.000000,-1061.625122,-10.269930,7856.954102,RUNNING,0x00000000
8390,-800.000000,-1050.059814,-9.667208,7846.453613,RUNNING,0x00000000
8400,-800.000000,-1038.307007,-9.248364,7836.070312,RUNNING,0x00000000
8410,-800.000000,-1026.521606,-8.980798,7825.805176,RUNNING,0x00000000
8420,-800.000000,-1014.828125,-8.836953,7815.656738,RUNNING,0x00000000
8430,-800.000000,-1003.325073,-8.793499,7805.623535,RUNNING,0x00000000
8440,-800.000000,-992.089355,-8.830799,7795.702637,RUNNING,0x00000000
8450,-800.000000,-981.179932,-8.932334,7785.890625,RUNNING,0x00000000
8460,-800.000000,-970.640564,-9.084232,7776.184082,RUNNING,0x00000000
8470,-800.000000,-960.502686,-9.274913,7766.579102,RUNNING,0x00000000
8480,-800.000000,-950.787354,-9.494704,7757.071289,RUNNING,0x00000000
8490,-800.000000,-941.507202,-9.735591,7747.656250,RUNNING,0x00000000
8500,-800.000000,-932.668030,-9.990945,7738.329590,RUNNING,0x00000000
8510,-800.000000,-924.269958,-10.255317,7729.086914,RUNNING,0x00000000
8520,-800.000000,-916.308838,-10.524271,7719.923828,RUNNING,0x00000000
8530,-800.000000,-908.776855,-10.794185,7710.835938,RUNNING,0x00000000
8540,-800.000000,-901.663513,-11.062173,7701.819336,RUNNING,0x00000000
8550,-800.000000,-894.956177,-11.325939,7692.869629,RUNNING,0x00000000
8560,-800.000000,-888.640747,-11.583697,7683.983398,RUNNING,0x00000000
8570,-800.000000,-882.702026,-11.834067,7675.156250,RUNNING,0x00000000
8580,-800.000000,-877.124023,-12.076016,7666.385254,RUNNING,0x00000000
8590,-800.000000,-871.890381,-12.308816,7657.666504,RUNNING,0x00000000
8600,-800.000000,-866.984558,-12.531967,7648.996582,RUNNING,0x00000000
8610,-800.000000,-862.390015,-12.745170,7640.372559,RUNNING,0x00000000
8620,-800.000000,-858.090515,-12.948289,7631.791504,RUNNING,0x00000000
8630,-800.000000,-854.070007,-13.141293,7623.250977,RUNNING,0x00000000
8640,-800.000000,-850.312866,-13.324283,7614.748047,RUNNING,0x00000000
8650,-800.000000,-846.804077,-13.497440,7606.279785,RUNNING,0x00000000
8660,-800.000000,-843.528992,-13.660982,7597.844727,RUNNING,0x00000000
8670,-800.000000,-840.473633,-13.815208,7589.439941,RUNNING,0x00000000
8680,-800.000000,-837.624573,-13.960437,7581.063477,RUNNING,0x00000000
8690,-800.000000,-834.969116,-14.097022,7572.713867,RUNNING,0x00000000
8700,-800.000000,-832.495056,-14.225313,7564.389160,RUNNING,0x00000000
8710,-800.000000,-830.190857,-14.345693,7556.087402,RUNNING,0x00000000
8720,-800.000000,-828.045593,-14.458540,7547.807129,RUNNING,0x00000000
8730,-800.000000,-826.048889,-14.564231,7539.546875,RUNNING,0x00000000
8740,-800.000000,-824.191040,-14.663150,7531.305176,RUNNING,0x00000000
8750,-800.000000,-822.462891,-14.755651,7523.080566,RUNNING,0x00000000
8760,-800.000000,-820.855713,-14.842090,7514.872070,RUNNING,0x00000000
8770,-800.000000,-819.361450,-14.922825,7506.678223,RUNNING,0x00000000
8780,-800.000000,-817.972412,-14.998177,7498.498535,RUNNING,0x00000000
8790,-800.000000,-816.681458,-15.068480,7490.331543,RUNNING,0x00000000
8800,-800.000000,-815.481873,-15.134037,7482.176758,RUNNING,0x00000000
8810,-800.000000,-814.367371,-15.195143,7474.033203,RUNNING,0x00000000
8820,-800.000000,-813.332092,-15.252080,7465.899902,RUNNING,0x00000000
8830,-800.000000,-812.370544,-15.305109,7457.776367,RUNNING,0x00000000
8840,-800.000000,-811.477600,-15.354483,7449.661621,RUNNING,0x00000000
8850,-800.000000,-810.648499,-15.400435,7441.555176,RUNNING,0x00000000
8860,-800.000000,-809.878723,-15.443189,7433.456543,RUNNING,0x00000000
8870,-800.000000,-809.164124,-15.482961,7425.364746,RUNNING,0x00000000
8880,-800.000000,-808.500793,-15.519949,7417.279785,RUNNING,0x00000000
8890,-800.000000,-807.885132,-15.554339,7409.201172,RUNNING,0x00000000
8900,-800.000000,-807.313721,-15.586307,7401.127930,RUNNING,0x00000000
8910,-800.000000,-806.783447,-15.616023,7393.060059,RUNNING,0x00000000
8920,-800.000000,-806.291443,-15.643638,7384.997070,RUNNING,0x00000000
8930,-800.000000,-805.834900,-15.669285,7376.938965,RUNNING,0x00000000
8940,-800.000000,-805.411316,-15.693112,7368.884766,RUNNING,0x00000000
8950,-800.000000,-805.018311,-15.715244,7360.834473,RUNNING,0x00000000
8960,-800.000000,-804.653748,-15.735804,7352.788086,RUNNING,0x00000000
8970,-800.000000,-804.315552,-15.754888,7344.745117,RUNNING,0x00000000
8980,-800.000000,-804.001831,-15.772607,7336.705078,RUNNING,0x00000000
8990,-800.000000,-803.710876,-15.789059,7328.667969,RUNNING,0x00000000
9000,-800.000000,-803.440979,-15.804320,7320.633789,RUNNING,0x00000000
9010,-800.000000,-803.190674,-15.818492,7312.602051,RUNNING,0x00000000
9020,-800.000000,-802.958496,-15.831640,7304.572266,RUNNING,0x00000000
9030,-800.000000,-802.743164,-15.843848,7296.544922,RUNNING,0x00000000
9040,-800.000000,-802.543457,-15.855176,7288.519531,RUNNING,0x00000000
9050,-800.000000,-802.358276,-15.865689,7280.496094,RUNNING,0x00000000
9060,-800.000000,-802.186523,-15.875439,7272.474121,RUNNING,0x00000000
9070,-800.000000,-802.027283,-15.884489,7264.453613,RUNNING,0x00000000
9080,-800.000000,-801.879639,-15.892879,7256.435059,RUNNING,0x00000000
9090,-800.000000,-801.742676,-15.900658,7248.417480,RUNNING,0x00000000
9100,-800.000000,-801.615723,-15.907884,7240.401367,RUNNING,0x00000000
9110,-800.000000,-801.497986,-15.914578,7232.386230,RUNNING,0x00000000
9120,-800.000000,-801.388794,-15.920791,7224.372559,RUNNING,0x00000000
9130,-800.000000,-801.287598,-15.926558,7216.359863,RUNNING,0x00000000
9140,-800.000000,-801.193726,-15.931896,7208.348145,RUNNING,0x00000000
9150,-800.000000,-801.106689,-15.936855,7200.336914,RUNNING,0x00000000
9160,-800.000000,-801.026001,-15.941455,7192.326660,RUNNING,0x00000000
9170,-800.000000,-800.951172,-15.945720,7184.317383,RUNNING,0x00000000
9180,-800.000000,-800.881836,-15.949677,7176.308594,RUNNING,0x00000000
9190,-800.000000,-800.817566,-15.953340,7168.300293,RUNNING,0x00000000
9200,-800.000000,-800.757935,-15.956734,7160.292480,RUNNING,0x00000000
9210,-800.000000,-800.702637,-15.959888,7152.285645,RUNNING,0x00000000
9220,-800.000000,-800.651428,-15.962814,7144.279297,RUNNING,0x00000000
9230,-800.000000,-800.603943,-15.965518,7136.273438,RUNNING,0x00000000
9240,-800.000000,-800.559875,-15.968027,7128.268066,RUNNING,0x00000000
9250,-800.000000,-800.519043,-15.970361,7120.262695,RUNNING,0x00000000
9260,-800.000000,-800.481201,-15.972521,7112.257812,RUNNING,0x00000000
9270,-800.000000,-800.446106,-15.974520,7104.253418,RUNNING,0x00000000
9280,-800.000000,-800.413574,-15.976376,7096.249512,RUNNING,0x00000000
9290,-800.000000,-800.383423,-15.978096,7088.245605,RUNNING,0x00000000
9300,-800.000000,-800.355469,-15.979690,7080.242188,RUNNING,0x00000000
9310,-800.000000,-800.329529,-15.981167,7072.238770,RUNNING,0x00000000
9320,-800.000000,-800.305481,-15.982540,7064.235840,RUNNING,0x00000000
9330,-800.000000,-800.283203,-15.983812,7056.232910,RUNNING,0x00000000
9340,-800.000000,-800.262512,-15.984990,7048.230469,RUNNING,0x00000000
9350,-800.000000,-800.243347,-15.986090,7040.228027,RUNNING,0x00000000
9360,-800.000000,-800.225586,-15.987106,7032.225586,RUNNING,0x00000000
9370,-800.000000,-800.209106,-15.988047,7024.223633,RUNNING,0x00000000
9380,-800.000000,-800.193848,-15.988922,7016.221680,RUNNING,0x00000000
9390,-800.000000,-800.179688,-15.989731,7008.219727,RUNNING,0x00000000
9400,-800.000000,-800.166565,-15.990483,7000.218262,RUNNING,0x00000000
9410,-800.000000,-800.154419,-15.991180,6992.216797,RUNNING,0x00000000
9420,-800.000000,-800.143127,-15.991821,6984.215332,RUNNING,0x00000000
9430,-800.000000,-800.132690,-15.992424,6976.213867,RUNNING,0x00000000
9440,-800.000000,-800.122986,-15.992975,6968.212402,RUNNING,0x00000000
9450,-800.000000,-800.114014,-15.993491,6960.211426,RUNNING,0x00000000
9460,-800.000000,-800.105713,-15.993966,6952.210449,RUNNING,0x00000000
9470,-800.000000,-800.098022,-15.994403,6944.209473,RUNNING,0x00000000
9480,-800.000000,-800.090881,-15.994807,6936.208496,RUNNING,0x00000000
9490,-800.000000,-800.084229,-15.995185,6928.207520,RUNNING,0x00000000
9500,-800.000000,-800.078064,-15.995539,6920.206543,RUNNING,0x00000000
9510,-800.000000,-800.072388,-15.995869,6912.206055,RUNNING,0x00000000
9520,-800.000000,-800.067078,-15.996165,6904.205566,RUNNING,0x00000000
9530,-800.000000,-800.062195,-15.996450,6896.205078,RUNNING,0x00000000
9540,-800.000000,-800.057678,-15.996707,6888.204590,RUNNING,0x00000000
9550,-800.000000,-800.053467,-15.996944,6880.204102,RUNNING,0x00000000
9560,-800.000000,-800.049561,-15.997168,6872.203613,RUNNING,0x00000000
9570,-800.000000,-800.045959,-15.997375,6864.203125,RUNNING,0x00000000
9580,-800.000000,-800.042603,-15.997563,6856.202637,RUNNING,0x00000000
9590,-800.000000,-800.039490,-15.997743,6848.202148,RUNNING,0x00000000
9600,-800.000000,-800.036621,-15.997909,6840.201660,RUNNING,0x00000000
9610,-800.000000,-800.033936,-15.998058,6832.201172,RUNNING,0x00000000
9620,-800.000000,-800.031433,-15.998202,6824.200684,RUNNING,0x00000000
9630,-800.000000,-800.029114,-15.998338,6816.200195,RUNNING,0x00000000
9640,-800.000000,-800.026978,-15.998464,6808.199707,RUNNING,0x00000000
9650,-800.000000,-800.025024,-15.998579,6800.199219,RUNNING,0x00000000
9660,-800.000000,-800.023193,-15.998681,6792.199219,RUNNING,0x00000000
9670,-800.000000,-800.021484,-15.998777,6784.199219,RUNNING,0x00000000
9680,-800.000000,-800.019897,-15.998870,6776.199219,RUNNING,0x00000000
9690,-800.000000,-800.018433,-15.998957,6768.199219,RUNNING,0x00000000
9700,-800.000000,-800.017090,-15.999036,6760.199219,RUNNING,0x00000000
9710,-800.000000,-800.015869,-15.999105,6752.199219,RUNNING,0x00000000
9720,-800.000000,-800.014709,-15.999167,6744.199219,RUNNING,0x00000000
9730,-800.000000,-800.013672,-15.999229,6736.199219,RUNNING,0x00000000
9740,-800.000000,-800.012695,-15.999279,6728.199219,RUNNING,0x00000000
9750,-800.000000,-800.011780,-15.999327,6720.199219,RUNNING,0x00000000
9760,-800.000000,-800.010925,-15.999373,6712.199219,RUNNING,0x00000000
9770,-800.000000,-800.010132,-15.999418,6704.199219,RUNNING,0x00000000
9780,-800.000000,-800.009399,-15.999460,6696.199219,RUNNING,0x00000000
9790,-800.000000,-800.008728,-15.999498,6688.199219,RUNNING,0x00000000
9800,-800.000000,-800.008057,-15.999532,6680.199219,RUNNING,0x00000000
9810,-800.000000,-800.007446,-15.999572,6672.199219,RUNNING,0x00000000
9820,-800.000000,-800.006897,-15.999608,6664.199219,RUNNING,0x00000000
9830,-800.000000,-800.006409,-15.999638,6656.199219,RUNNING,0x00000000
9840,-800.000000,-800.005920,-15.999660,6648.199219,RUNNING,0x00000000
9850,-800.000000,-800.005493,-15.999690,6640.199219,RUNNING,0x00000000
9860,-800.000000,-800.005066,-15.999711,6632.199219,RUNNING,0x00000000
9870,-800.000000,-800.004700,-15.999737,6624.199219,RUNNING,0x00000000
9880,-800.000000,-800.004333,-15.999755,6616.199219,RUNNING,0x00000000
9890,-800.000000,-800.004028,-15.999777,6608.199219,RUNNING,0x00000000
9900,-800.000000,-800.003723,-15.999792,6600.199219,RUNNING,0x00000000
9910,-800.000000,-800.003479,-15.999808,6592.199219,RUNNING,0x00000000
9920,-800.000000,-800.003235,-15.999818,6584.199219,RUNNING,0x00000000
9930,-800.000000,-800.002991,-15.999829,6576.199219,RUNNING,0x00000000
9940,-800.000000,-800.002747,-15.999844,6568.199219,RUNNING,0x00000000
9950,-800.000000,-800.002563,-15.999861,6560.199219,RUNNING,0x00000000
9960,-800.000000,-800.002380,-15.999868,6552.199219,RUNNING,0x00000000
9970,-800.000000,-800.002197,-15.999879,6544.199219,RUNNING,0x00000000
9980,-800.000000,-800.002014,-15.999888,6536.199219,RUNNING,0x00000000
9990,-800.000000,-800.001892,-15.999901,6528.199219,RUNNING,0x00000000
10000,-800.000000,-800.001770,-15.999904,6520.199219,RUNNING,0x00000000
10010,-800.000000,-800.001648,-15.999908,6512.199219,RUNNING,0x00000000
10020,-800.000000,-800.001526,-15.999913,6504.199219,RUNNING,0x00000000
10030,-800.000000,-800.001404,-15.999920,6496.199219,RUNNING,0x00000000
10040,-800.000000,-800.001282,-15.999928,6488.199219,RUNNING,0x00000000
10050,-800.000000,-800.001221,-15.999937,6480.199219,RUNNING,0x00000000
10060,-800.000000,-800.001160,-15.999937,6472.199219,RUNNING,0x00000000
10070,-800.000000,-800.001099,-15.999936,6464.199219,RUNNING,0x00000000
10080,-800.000000,-800.001038,-15.999936,6456.199219,RUNNING,0x00000000
10090,-800.000000,-800.000977,-15.999937,6448.199219,RUNNING,0x00000000
10100,-800.000000,-800.000916,-15.999939,6440.199219,RUNNING,0x00000000
10110,-800.000000,-800.000854,-15.999940,6432.199219,RUNNING,0x00000000
10120,-800.000000,-800.000793,-15.999944,6424.199219,RUNNING,0x00000000
10130,-800.000000,-800.000732,-15.999947,6416.199219,RUNNING,0x00000000
10140,-800.000000,-800.000671,-15.999950,6408.199219,RUNNING,0x00000000
10150,-800.000000,-800.000610,-15.999953,6400.199219,RUNNING,0x00000000
10160,-800.000000,-800.000549,-15.999959,6392.199219,RUNNING,0x00000000
10170,-800.000000,-800.000488,-15.999964,6384.199219,RUNNING,0x00000000
10180,-800.000000,-800.000427,-15.999969,6376.199219,RUNNING,0x00000000
10190,-800.000000,-800.000366,-15.999976,6368.199219,RUNNING,0x00000000
10200,-800.000000,-800.000366,-15.999984,6360.199219,RUNNING,0x00000000
10210,-800.000000,-800.000366,-15.999980,6352.199219,RUNNING,0x00000000
10220,-800.000000,-800.000305,-15.999976,6344.199219,RUNNING,0x00000000
10230,-800.000000,-800.000305,-15.999983,6336.199219,RUNNING,0x00000000
10240,-800.000000,-800.000305,-15.999979,6328.199219,RUNNING,0x00000000
10250,-800.000000,-800.000244,-15.999975,6320.199219,RUNNING,0x00000000
10260,-800.000000,-800.000244,-15.999985,6312.199219,RUNNING,0x00000000
10270,-800.000000,-800.000244,-15.999983,6304.199219,RUNNING,0x00000000
10280,-800.000000,-800.000244,-15.999981,6296.199219,RUNNING,0x00000000
10290,-800.000000,-800.000244,-15.999979,6288.199219,RUNNING,0x00000000
10300,-800.000000,-800.000244,-15.999977,6280.199219,RUNNING,0x00000000
10310,-800.000000,-800.000244,-15.999975,6272.199219,RUNNING,0x00000000
10320,-800.000000,-800.000183,-15.999973,6264.199219,RUNNING,0x00000000
10330,-800.000000,-800.000183,-15.999982,6256.199219,RUNNING,0x00000000
10340,-800.000000,-800.000183,-15.999980,6248.199219,RUNNING,0x00000000
10350,-800.000000,-800.000183,-15.999978,6240.199219,RUNNING,0x00000000
10360,-800.000000,-800.000183,-15.999976,6232.199219,RUNNING,0x00000000
10370,-800.000000,-800.000183,-15.999974,6224.199219,RUNNING,0x00000000
10380,-800.000000,-800.000122,-15.999972,6216.199219,RUNNING,0x00000000
10390,-800.000000,-800.000122,-15.999982,6208.199219,RUNNING,0x00000000
10400,-800.000000,-800.000122,-15.999980,6200.199219,RUNNING,0x00000000
10410,-800.000000,-800.000122,-15.999978,6192.199219,RUNNING,0x00000000
10420,-800.000000,-800.000122,-15.999977,6184.199219,RUNNING,0x00000000
10430,-800.000000,-800.000122,-15.999976,6176.199219,RUNNING,0x00000000
10440,-800.000000,-800.000122,-15.999975,6168.199219,RUNNING,0x00000000
10450,-800.000000,-800.000122,-15.999974,6160.199219,RUNNING,0x00000000
10460,-800.000000,-800.000122,-15.999973,6152.199219,RUNNING,0x00000000
10470,-800.000000,-800.000122,-15.999972,6144.199219,RUNNING,0x00000000
10480,-800.000000,-800.000061,-15.999971,6136.199219,RUNNING,0x00000000
10490,-800.000000,-800.000061,-15.999981,6128.199219,RUNNING,0x00000000
10500,-800.000000,-800.000061,-15.999980,6120.199219,RUNNING,0x00000000
10510,-800.000000,-800.000061,-15.999979,6112.199219,RUNNING,0x00000000
10520,-800.000000,-800.000061,-15.999978,6104.199219,RUNNING,0x00000000
10530,-800.000000,-800.000061,-15.999977,6096.199219,RUNNING,0x00000000
10540,-800.000000,-800.000061,-15.999976,6088.199219,RUNNING,0x00000000
10550,-800.000000,-800.000061,-15.999975,6080.199219,RUNNING,0x00000000
10560,-800.000000,-800.000061,-15.999974,6072.199219,RUNNING,0x00000000
10570,-800.000000,-800.000061,-15.999973,6064.199219,RUNNING,0x00000000
10580,-800.000000,-800.000061,-15.999972,6056.199219,RUNNING,0x00000000
10590,-800.000000,-800.000061,-15.999971,6048.199219,RUNNING,0x00000000
10600,-800.000000,-800.000000,-15.999970,6040.199219,RUNNING,0x00000000
10610,-800.000000,-800.000000,-15.999982,6032.199219,RUNNING,0x00000000
10620,-800.000000,-800.000000,-15.999982,6024.199219,RUNNING,0x00000000
10630,-800.000000,-800.000000,-15.999982,6016.199219,RUNNING,0x00000000
10640,-800.000000,-800.000000,-15.999982,6008.199219,RUNNING,0x00000000
10650,-800.000000,-800.000000,-15.999982,6000.199219,RUNNING,0x00000000
10660,-800.000000,-800.000000,-15.999982,5992.199219,RUNNING,0x00000000
10670,-800.000000,-800.000000,-15.999982,5984.199219,RUNNING,0x00000000
10680,-800.000000,-800.000000,-15.999982,5976.199219,RUNNING,0x00000000
10690,-800.000000,-800.000000,-15.999982,5968.199219,RUNNING,0x00000000
10700,-800.000000,-800.000000,-15.999982,5960.199219,RUNNING,0x00000000
10710,-800.000000,-800.000000,-15.999982,5952.199219,RUNNING,0x00000000
10720,-800.000000,-800.000000,-15.999982,5944.199219,RUNNING,0x00000000
10730,-800.000000,-800.000000,-15.999982,5936.199219,RUNNING,0x00000000
10740,-800.000000,-800.000000,-15.999982,5928.199219,RUNNING,0x00000000
10750,-800.000000,-800.000000,-15.999982,5920.199219,RUNNING,0x00000000
10760,-800.000000,-800.000000,-15.999982,5912.199219,RUNNING,0x00000000
10770,-800.000000,-800.000000,-15.999982,5904.199219,RUNNING,0x00000000
10780,-800.000000,-800.000000,-15.999982,5896.199219,RUNNING,0x00000000
10790,-800.000000,-800.000000,-15.999982,5888.199219,RUNNING,0x00000000
10800,-800.000000,-800.000000,-15.999982,5880.199219,RUNNING,0x00000000
10810,-800.000000,-800.000000,-15.999982,5872.199219,RUNNING,0x00000000
10820,-800.000000,-800.000000,-15.999982,5864.199219,RUNNING,0x00000000
10830,-800.000000,-800.000000,-15.999982,5856.199219,RUNNING,0x00000000
10840,-800.000000,-800.000000,-15.999982,5848.199219,RUNNING,0x00000000
10850,-800.000000,-800.000000,-15.999982,5840.199219,RUNNING,0x00000000
10860,-800.000000,-800.000000,-15.999982,5832.199219,RUNNING,0x00000000
10870,-800.000000,-800.000000,-15.999982,5824.199219,RUNNING,0x00000000
10880,-800.000000,-800.000000,-15.999982,5816.199219,RUNNING,0x00000000
10890,-800.000000,-800.000000,-15.999982,5808.199219,RUNNING,0x00000000
10900,-800.000000,-800.000000,-15.999982,5800.199219,RUNNING,0x00000000
10910,-800.000000,-800.000000,-15.999982,5792.199219,RUNNING,0x00000000
10920,-800.000000,-800.000000,-15.999982,5784.199219,RUNNING,0x00000000
10930,-800.000000,-800.000000,-15.999982,5776.199219,RUNNING,0x00000000
10940,-800.000000,-800.000000,-15.999982,5768.199219,RUNNING,0x00000000
10950,-800.000000,-800.000000,-15.999982,5760.199219,RUNNING,0x00000000
10960,-800.000000,-800.000000,-15.999982,5752.199219,RUNNING,0x00000000
10970,-800.000000,-800.000000,-15.999982,5744.199219,RUNNING,0x00000000
10980,-800.000000,-800.000000,-15.999982,5736.199219,RUNNING,0x00000000
10990,-800.000000,-800.000000,-15.999982,5728.199219,RUNNING,0x00000000
11000,-800.000000,-800.000000,-15.999982,5720.199219,RUNNING,0x00000000
11010,-800.000000,-784.000000,0.000000,5712.359375,STOPPED,0x00000000
11020,-800.000000,-768.320007,0.000000,5704.676270,STOPPED,0x00000000
11030,-800.000000,-752.953613,0.000000,5697.146973,STOPPED,0x00000000
11040,-800.000000,-737.894531,0.000000,5689.768066,STOPPED,0x00000000
11050,-800.000000,-723.136658,0.000000,5682.536621,STOPPED,0x00000000
11060,-800.000000,-708.673950,0.000000,5675.449707,STOPPED,0x00000000
11070,-800.000000,-694.500488,0.000000,5668.504883,STOPPED,0x00000000
11080,-800.000000,-680.610474,0.000000,5661.698730,STOPPED,0x00000000
11090,-800.000000,-666.998291,0.000000,5655.028809,STOPPED,0x00000000
11100,-800.000000,-653.658325,0.000000,5648.492188,STOPPED,0x00000000
11110,-800.000000,-640.585144,0.000000,5642.086426,STOPPED,0x00000000
11120,-800.000000,-627.773438,0.000000,5635.808594,STOPPED,0x00000000
11130,-800.000000,-615.217957,0.000000,5629.656250,STOPPED,0x00000000
11140,-800.000000,-602.913574,0.000000,5623.626953,STOPPED,0x00000000
11150,-800.000000,-590.855286,0.000000,5617.718262,STOPPED,0x00000000
11160,-800.000000,-579.038208,0.000000,5611.927734,STOPPED,0x00000000
11170,-800.000000,-567.457458,0.000000,5606.252930,STOPPED,0x00000000
11180,-800.000000,-556.108337,0.000000,5600.691895,STOPPED,0x00000000
11190,-800.000000,-544.986145,0.000000,5595.242188,STOPPED,0x00000000
11200,-800.000000,-534.086426,0.000000,5589.901367,STOPPED,0x00000000
11210,-800.000000,-523.404724,0.000000,5584.667480,STOPPED,0x00000000
11220,-800.000000,-512.936646,0.000000,5579.538086,STOPPED,0x00000000
11230,-800.000000,-502.677917,0.000000,5574.511230,STOPPED,0x00000000
11240,-800.000000,-492.624359,0.000000,5569.584961,STOPPED,0x00000000
11250,-800.000000,-482.771881,0.000000,5564.757324,STOPPED,0x00000000
11260,-800.000000,-473.116455,0.000000,5560.026367,STOPPED,0x00000000
11270,-800.000000,-463.654114,0.000000,5555.389648,STOPPED,0x00000000
11280,-800.000000,-454.381042,0.000000,5550.845703,STOPPED,0x00000000
11290,-800.000000,-445.293427,0.000000,5546.392578,STOPPED,0x00000000
11300,-800.000000,-436.387573,0.000000,5542.028809,STOPPED,0x00000000
11310,-800.000000,-427.659821,0.000000,5537.752441,STOPPED,0x00000000
11320,-800.000000,-419.106628,0.000000,5533.561523,STOPPED,0x00000000
11330,-800.000000,-410.724487,0.000000,5529.454102,STOPPED,0x00000000
11340,-800.000000,-402.510010,0.000000,5525.429199,STOPPED,0x00000000
11350,-800.000000,-394.459808,0.000000,5521.484375,STOPPED,0x00000000
11360,-800.000000,-386.570618,0.000000,5517.618652,STOPPED,0x00000000
11370,-800.000000,-378.839203,0.000000,5513.830078,STOPPED,0x00000000
11380,-800.000000,-371.262421,0.000000,5510.117676,STOPPED,0x00000000
11390,-800.000000,-363.837158,0.000000,5506.479492,STOPPED,0x00000000
11400,-800.000000,-356.560425,0.000000,5502.914062,STOPPED,0x00000000
11410,-800.000000,-349.429230,0.000000,5499.419922,STOPPED,0x00000000
11420,-800.000000,-342.440643,0.000000,5495.995605,STOPPED,0x00000000
11430,-800.000000,-335.591827,0.000000,5492.639648,STOPPED,0x00000000
11440,-800.000000,-328.880005,0.000000,5489.351074,STOPPED,0x00000000
11450,-800.000000,-322.302399,0.000000,5486.127930,STOPPED,0x00000000
11460,-800.000000,-315.856354,0.000000,5482.969238,STOPPED,0x00000000
11470,-800.000000,-309.539215,0.000000,5479.874023,STOPPED,0x00000000
11480,-800.000000,-303.348419,0.000000,5476.840332,STOPPED,0x00000000
11490,-800.000000,-297.281464,0.000000,5473.867676,STOPPED,0x00000000
11500,-800.000000,-291.335846,0.000000,5470.954102,STOPPED,0x00000000
11510,-800.000000,-285.509125,0.000000,5468.099121,STOPPED,0x00000000
11520,-800.000000,-279.798950,0.000000,5465.301270,STOPPED,0x00000000
11530,-800.000000,-274.202972,0.000000,5462.559082,STOPPED,0x00000000
11540,-800.000000,-268.718903,0.000000,5459.872070,STOPPED,0x00000000
11550,-800.000000,-263.344513,0.000000,5457.238770,STOPPED,0x00000000
11560,-800.000000,-258.077637,0.000000,5454.658203,STOPPED,0x00000000
11570,-800.000000,-252.916077,0.000000,5452.128906,STOPPED,0x00000000
11580,-800.000000,-247.857758,0.000000,5449.650391,STOPPED,0x00000000
11590,-800.000000,-242.900604,0.000000,5447.221191,STOPPED,0x00000000
11600,-800.000000,-238.042587,0.000000,5444.840820,STOPPED,0x00000000
11610,0.000000,0.000000,0.000000,0.000000,READY,0x00000000
11620,0.000000,0.000000,0.000000,0.000000,READY,0x00000000
11630,0.000000,0.000000,0.000000,0.000000,READY,0x00000000
11640,0.000000,0.000000,0.000000,0.000000,READY,0x00000000
11650,0.000000,0.000000,0.000000,0.000000,READY,0x00000000
11660,0.000000,0.000000,0.000000,0.000000,READY,0x00000000
11670,0.000000,0.000000,0.000000,0.000000,READY,0x00000000
11680,0.000000,0.000000,0.000000,0.000000,READY,0x00000000
11690,0.000000,0.000000,0.000000,0.000000,READY,0x00000000
11700,0.000000,0.000000,0.000000,0.000000,READY,0x00000000
11710,0.000000,0.000000,0.000000,0.000000,READY,0x00000000
11720,0.000000,0.000000,0.000000,0.000000,READY,0x00000000
11730,0.000000,0.000000,0.000000,0.000000,READY,0x00000000
11740,0.000000,0.000000,0.000000,0.000000,READY,0x00000000
11750,0.000000,0.000000,0.000000,0.000000,READY,0x00000000
11760,0.000000,0.000000,0.000000,0.000000,READY,0x00000000
11770,0.000000,0.000000,0.000000,0.000000,READY,0x00000000
11780,0.000000,0.000000,0.000000,0.000000,READY,0x00000000
11790,0.000000,0.000000,0.000000,0.000000,READY,0x00000000
11800,0.000000,0.000000,0.000000,0.000000,READY,0x00000000
11810,0.000000,0.000000,0.000000,0.000000,READY,0x00000000
11820,0.000000,0.000000,0.000000,0.000000,READY,0x00000000
11830,0.000000,0.000000,0.000000,0.000000,READY,0x00000000
11840,0.000000,0.000000,0.000000,0.000000,READY,0x00000000
11850,0.000000,0.000000,0.000000,0.000000,READY,0x00000000
11860,0.000000,0.000000,0.000000,0.000000,READY,0x00000000
11870,0.000000,0.000000,0.000000,0.000000,READY,0x00000000
11880,0.000000,0.000000,0.000000,0.000000,READY,0x00000000
11890,0.000000,0.000000,0.000000,0.000000,READY,0x00000000
11900,0.000000,0.000000,0.000000,0.000000,READY,0x00000000
11910,0.000000,0.000000,0.000000,0.000000,READY,0x00000000
11920,0.000000,0.000000,0.000000,0.000000,READY,0x00000000
11930,0.000000,0.000000,0.000000,0.000000,READY,0x00000000
11940,0.000000,0.000000,0.000000,0.000000,READY,0x00000000
11950,0.000000,0.000000,0.000000,0.000000,READY,0x00000000
11960,0.000000,0.000000,0.000000,0.000000,READY,0x00000000
11970,0.000000,0.000000,0.000000,0.000000,READY,0x00000000
11980,0.000000,0.000000,0.000000,0.000000,READY,0x00000000
11990,0.000000,0.000000,0.000000,0.000000,READY,0x00000000
12000,0.000000,0.000000,0.000000,0.000000,READY,0x00000000
12010,0.000000,0.000000,0.000000,0.000000,READY,0x00000000
12020,0.000000,0.000000,0.000000,0.000000,READY,0x00000000
12030,0.000000,0.000000,0.000000,0.000000,READY,0x00000000
12040,0.000000,0.000000,0.000000,0.000000,READY,0x00000000
12050,0.000000,0.000000,0.000000,0.000000,READY,0x00000000
12060,0.000000,0.000000,0.000000,0.000000,READY,0x00000000
12070,0.000000,0.000000,0.000000,0.000000,READY,0x00000000
12080,0.000000,0.000000,0.000000,0.000000,READY,0x00000000
12090,0.000000,0.000000,0.000000,0.000000,READY,0x00000000
12100,0.000000,0.000000,0.000000,0.000000,READY,0x00000000
12110,0.000000,0.000000,0.000000,0.000000,READY,0x00000000
12120,0.000000,0.000000,0.000000,0.000000,READY,0x00000000
12130,0.000000,0.000000,0.000000,0.000000,READY,0x00000000
12140,0.000000,0.000000,0.000000,0.000000,READY,0x00000000
12150,0.000000,0.000000,0.000000,0.000000,READY,0x00000000
12160,0.000000,0.000000,0.000000,0.000000,READY,0x00000000
12170,0.000000,0.000000,0.000000,0.000000,READY,0x00000000
12180,0.000000,0.000000,0.000000,0.000000,READY,0x00000000
12190,0.000000,0.000000,0.000000,0.000000,READY,0x00000000
12200,0.000000,0.000000,0.000000,0.000000,READY,0x00000000
12210,0.000000,0.000000,0.000000,0.000000,READY,0x00000000
12220,0.000000,0.000000,0.000000,0.000000,READY,0x00000000
12230,0.000000,0.000000,0.000000,0.000000,READY,0x00000000
12240,0.000000,0.000000,0.000000,0.000000,READY,0x00000000
12250,0.000000,0.000000,0.000000,0.000000,READY,0x00000000
12260,0.000000,0.000000,0.000000,0.000000,READY,0x00000000
12270,0.000000,0.000000,0.000000,0.000000,READY,0x00000000
12280,0.000000,0.000000,0.000000,0.000000,READY,0x00000000
12290,0.000000,0.000000,0.000000,0.000000,READY,0x00000000
12300,0.000000,0.000000,0.000000,0.000000,READY,0x00000000
12310,0.000000,0.000000,0.000000,0.000000,READY,0x00000000
12320,0.000000,0.000000,0.000000,0.000000,READY,0x00000000
12330,0.000000,0.000000,0.000000,0.000000,READY,0x00000000
12340,0.000000,0.000000,0.000000,0.000000,READY,0x00000000
12350,0.000000,0.000000,0.000000,0.000000,READY,0x00000000
12360,0.000000,0.000000,0.000000,0.000000,READY,0x00000000
12370,0.000000,0.000000,0.000000,0.000000,READY,0x00000000
12380,0.000000,0.000000,0.000000,0.000000,READY,0x00000000
12390,0.000000,0.000000,0.000000,0.000000,READY,0x00000000
12400,0.000000,0.000000,0.000000,0.000000,READY,0x00000000
12410,0.000000,0.000000,0.000000,0.000000,READY,0x00000000
12420,0.000000,0.000000,0.000000,0.000000,READY,0x00000000
12430,0.000000,0.000000,0.000000,0.000000,READY,0x00000000
12440,0.000000,0.000000,0.000000,0.000000,READY,0x00000000
12450,0.000000,0.000000,0.000000,0.000000,READY,0x00000000
12460,0.000000,0.000000,0.000000,0.000000,READY,0x00000000
12470,0.000000,0.000000,0.000000,0.000000,READY,0x00000000
12480,0.000000,0.000000,0.000000,0.000000,READY,0x00000000
12490,0.000000,0.000000,0.000000,0.000000,READY,0x00000000
12500,0.000000,0.000000,0.000000,0.000000,READY,0x00000040
12510,0.000000,0.000000,0.000000,0.000000,READY,0x00000040
12520,0.000000,0.000000,0.000000,0.000000,READY,0x00000040
12530,0.000000,0.000000,0.000000,0.000000,READY,0x00000040
12540,0.000000,0.000000,0.000000,0.000000,READY,0x00000040
12550,0.000000,0.000000,0.000000,0.000000,READY,0x00000040
12560,0.000000,0.000000,0.000000,0.000000,READY,0x00000040
12570,0.000000,0.000000,0.000000,0.000000,READY,0x00000040
12580,0.000000,0.000000,0.000000,0.000000,READY,0x00000040
12590,0.000000,0.000000,0.000000,0.000000,READY,0x00000040
12600,0.000000,0.000000,0.000000,0.000000,READY,0x00000040
12610,0.000000,0.000000,0.000000,0.000000,READY,0x00000040
12620,0.000000,0.000000,0.000000,0.000000,READY,0x00000040
12630,0.000000,0.000000,0.000000,0.000000,READY,0x00000040
12640,0.000000,0.000000,0.000000,0.000000,READY,0x00000040
12650,0.000000,0.000000,0.000000,0.000000,READY,0x00000040
12660,0.000000,0.000000,0.000000,0.000000,READY,0x00000040
12670,0.000000,0.000000,0.000000,0.000000,READY,0x00000040
12680,0.000000,0.000000,0.000000,0.000000,READY,0x00000040
12690,0.000000,0.000000,0.000000,0.000000,READY,0x00000040
12700,0.000000,0.000000,0.000000,0.000000,READY,0x00000040
12710,0.000000,0.000000,0.000000,0.000000,READY,0x00000040
12720,0.000000,0.000000,0.000000,0.000000,READY,0x00000040
12730,0.000000,0.000000,0.000000,0.000000,READY,0x00000040
12740,0.000000,0.000000,0.000000,0.000000,READY,0x00000040
12750,0.000000,0.000000,0.000000,0.000000,READY,0x00000040
12760,0.000000,0.000000,0.000000,0.000000,READY,0x00000040
12770,0.000000,0.000000,0.000000,0.000000,READY,0x00000040
12780,0.000000,0.000000,0.000000,0.000000,READY,0x00000040
12790,0.000000,0.000000,0.000000,0.000000,READY,0x00000040
12800,0.000000,0.000000,0.000000,0.000000,READY,0x00000040
12810,0.000000,0.000000,0.000000,0.000000,READY,0x00000040
12820,0.000000,0.000000,0.000000,0.000000,READY,0x00000040
12830,0.000000,0.000000,0.000000,0.000000,READY,0x00000040
12840,0.000000,0.000000,0.000000,0.000000,READY,0x00000040
12850,0.000000,0.000000,0.000000,0.000000,READY,0x00000040
12860,0.000000,0.000000,0.000000,0.000000,READY,0x00000040
12870,0.000000,0.000000,0.000000,0.000000,READY,0x00000040
12880,0.000000,0.000000,0.000000,0.000000,READY,0x00000040
12890,0.000000,0.000000,0.000000,0.000000,READY,0x00000040
12900,0.000000,0.000000,0.000000,0.000000,READY,0x00000040
12910,0.000000,0.000000,0.000000,0.000000,READY,0x00000040
12920,0.000000,0.000000,0.000000,0.000000,READY,0x00000040
12930,0.000000,0.000000,0.000000,0.000000,READY,0x00000040
12940,0.000000,0.000000,0.000000,0.000000,READY,0x00000040
12950,0.000000,0.000000,0.000000,0.000000,READY,0x00000040
12960,0.000000,0.000000,0.000000,0.000000,READY,0x00000040
12970,0.000000,0.000000,0.000000,0.000000,READY,0x00000040
12980,0.000000,0.000000,0.000000,0.000000,READY,0x00000040
12990,0.000000,0.000000,0.000000,0.000000,READY,0x00000040
13000,0.000000,0.000000,0.000000,0.000000,READY,0x00000040
13010,0.000000,0.000000,0.000000,0.000000,READY,0x00000040
13020,0.000000,0.000000,0.000000,0.000000,READY,0x00000040
13030,0.000000,0.000000,0.000000,0.000000,READY,0x00000040
13040,0.000000,0.000000,0.000000,0.000000,READY,0x00000040
13050,0.000000,0.000000,0.000000,0.000000,READY,0x00000040
13060,0.000000,0.000000,0.000000,0.000000,READY,0x00000040
13070,0.000000,0.000000,0.000000,0.000000,READY,0x00000040
13080,0.000000,0.000000,0.000000,0.000000,READY,0x00000040
13090,0.000000,0.000000,0.000000,0.000000,READY,0x00000040
13100,0.000000,0.000000,0.000000,0.000000,READY,0x00000040
13110,0.000000,0.000000,0.000000,0.000000,READY,0x00000040
13120,0.000000,0.000000,0.000000,0.000000,READY,0x00000040
13130,0.000000,0.000000,0.000000,0.000000,READY,0x00000040
13140,0.000000,0.000000,0.000000,0.000000,READY,0x00000040
13150,0.000000,0.000000,0.000000,0.000000,READY,0x00000040
13160,0.000000,0.000000,0.000000,0.000000,READY,0x00000040
13170,0.000000,0.000000,0.000000,0.000000,READY,0x00000040
13180,0.000000,0.000000,0.000000,0.000000,READY,0x00000040
13190,0.000000,0.000000,0.000000,0.000000,READY,0x00000040
13200,0.000000,0.000000,0.000000,0.000000,READY,0x00000040
13210,0.000000,0.000000,0.000000,0.000000,RUNNING,0x00000040
13220,0.000000,0.000000,0.000000,0.000000,RUNNING,0x00000040
13230,0.000000,0.000000,0.000000,0.000000,RUNNING,0x00000040
13240,0.000000,0.000000,0.000000,0.000000,RUNNING,0x00000040
13250,0.000000,0.000000,0.000000,0.000000,RUNNING,0x00000040
13260,0.000000,0.000000,0.000000,0.000000,RUNNING,0x00000040
13270,0.000000,0.000000,0.000000,0.000000,RUNNING,0x00000040
13280,0.000000,0.000000,0.000000,0.000000,RUNNING,0x00000040
13290,0.000000,0.000000,0.000000,0.000000,RUNNING,0x00000040
13300,0.000000,0.000000,0.000000,0.000000,RUNNING,0x00000040
13310,0.000000,0.000000,0.000000,0.000000,RUNNING,0x00000040
13320,0.000000,0.000000,0.000000,0.000000,RUNNING,0x00000040
13330,0.000000,0.000000,0.000000,0.000000,RUNNING,0x00000040
13340,0.000000,0.000000,0.000000,0.000000,RUNNING,0x00000040
13350,0.000000,0.000000,0.000000,0.000000,RUNNING,0x00000040
13360,0.000000,0.000000,0.000000,0.000000,RUNNING,0x00000040
13370,0.000000,0.000000,0.000000,0.000000,RUNNING,0x00000040
13380,0.000000,0.000000,0.000000,0.000000,RUNNING,0x00000040
13390,0.000000,0.000000,0.000000,0.000000,RUNNING,0x00000040
13400,0.000000,0.000000,0.000000,0.000000,RUNNING,0x00000040
13410,0.000000,0.000000,0.000000,0.000000,RUNNING,0x00000040
13420,0.000000,0.000000,0.000000,0.000000,RUNNING,0x00000040
13430,0.000000,0.000000,0.000000,0.000000,RUNNING,0x00000040
13440,0.000000,0.000000,0.000000,0.000000,RUNNING,0x00000040
13450,0.000000,0.000000,0.000000,0.000000,RUNNING,0x00000040
13460,0.000000,0.000000,0.000000,0.000000,RUNNING,0x00000040
13470,0.000000,0.000000,0.000000,0.000000,RUNNING,0x00000040
13480,0.000000,0.000000,0.000000,0.000000,RUNNING,0x00000040
13490,0.000000,0.000000,0.000000,0.000000,RUNNING,0x00000040
13500,0.000000,0.000000,0.000000,0.000000,RUNNING,0x00000040
13510,0.000000,0.000000,0.000000,0.000000,RUNNING,0x00000040
13520,0.000000,0.000000,0.000000,0.000000,RUNNING,0x00000040
13530,0.000000,0.000000,0.000000,0.000000,RUNNING,0x00000040
13540,0.000000,0.000000,0.000000,0.000000,RUNNING,0x00000040
13550,0.000000,0.000000,0.000000,0.000000,RUNNING,0x00000040
13560,0.000000,0.000000,0.000000,0.000000,RUNNING,0x00000040
13570,0.000000,0.000000,0.000000,0.000000,RUNNING,0x00000040
13580,0.000000,0.000000,0.000000,0.000000,RUNNING,0x00000040
13590,0.000000,0.000000,0.000000,0.000000,RUNNING,0x00000040
13600,0.000000,0.000000,0.000000,0.000000,RUNNING,0x00000040
13610,600.000000,100.000000,100.000000,1.000000,RUNNING,0x00000040
13620,600.000000,198.000000,100.000000,2.980000,RUNNING,0x00000040
13630,600.000000,281.419983,87.380005,5.794200,RUNNING,0x00000040
13640,600.000000,351.341797,75.550201,9.307618,RUNNING,0x00000040
13650,600.000000,409.765808,65.450859,13.405276,RUNNING,0x00000040
13660,600.000000,458.407379,56.836880,17.989349,RUNNING,0x00000040
13670,600.000000,498.736542,49.497322,22.976715,RUNNING,0x00000040
13680,600.000000,532.012512,43.250706,28.296841,RUNNING,0x00000040
13690,600.000000,559.313171,37.940907,33.889973,RUNNING,0x00000040
13700,600.000000,581.560547,33.433655,39.705578,RUNNING,0x00000040
13710,600.000000,599.542847,29.613522,45.701008,RUNNING,0x00000040
13720,600.000000,613.933289,26.381279,51.840340,RUNNING,0x00000040
13730,600.000000,625.306274,23.651667,58.093403,RUNNING,0x00000040
13740,600.000000,634.151611,21.351465,64.434921,RUNNING,0x00000040
13750,600.000000,640.886353,19.417788,70.843788,RUNNING,0x00000040
13760,600.000000,645.865295,17.796673,77.302444,RUNNING,0x00000040
13770,600.000000,649.389771,16.441811,83.796341,RUNNING,0x00000040
13780,600.000000,651.715454,15.313506,90.313492,RUNNING,0x00000040
13790,600.000000,653.058899,14.377728,96.844078,RUNNING,0x00000040
13800,600.000000,653.603027,13.605320,103.380112,RUNNING,0x00000040
13810,600.000000,653.502319,12.971347,109.915138,RUNNING,0x00000040
13820,600.000000,652.886719,12.454452,116.444008,RUNNING,0x00000040
13830,600.000000,651.865356,12.036392,122.962662,RUNNING,0x00000040
13840,600.000000,650.529602,11.701583,129.467957,RUNNING,0x00000040
13850,600.000000,648.955750,11.436723,135.957520,RUNNING,0x00000040
13860,600.000000,647.207092,11.230458,142.429596,RUNNING,0x00000040
13870,600.000000,645.336121,11.073146,148.882950,RUNNING,0x00000040
13880,600.000000,643.385986,10.956559,155.316803,RUNNING,0x00000040
13890,600.000000,641.391968,10.873723,161.730728,RUNNING,0x00000040
13900,600.000000,639.382874,10.818727,168.124557,RUNNING,0x00000040
13910,600.000000,637.381775,10.786534,174.498383,RUNNING,0x00000040
13920,600.000000,635.407043,10.772915,180.852448,RUNNING,0x00000040
13930,600.000000,633.473206,10.774296,187.187180,RUNNING,0x00000040
13940,600.000000,631.591370,10.787655,193.503098,RUNNING,0x00000040
13950,600.000000,629.770020,10.810471,199.800797,RUNNING,0x00000040
13960,600.000000,628.015259,10.840613,206.080948,RUNNING,0x00000040
13970,600.000000,626.331299,10.876318,212.344254,RUNNING,0x00000040
13980,600.000000,624.720764,10.916118,218.591461,RUNNING,0x00000040
13990,600.000000,623.185181,10.958806,224.823318,RUNNING,0x00000040
14000,600.000000,621.724854,11.003360,231.040573,RUNNING,0x00000040
14010,600.000000,620.339355,11.048969,237.243973,RUNNING,0x00000040
14020,600.000000,619.027527,11.094965,243.434250,RUNNING,0x00000040
14030,600.000000,617.787781,11.140819,249.612122,RUNNING,0x00000040
14040,600.000000,616.618103,11.186096,255.778305,RUNNING,0x00000040
14050,600.000000,615.516174,11.230457,261.933472,RUNNING,0x00000040
14060,600.000000,614.479492,11.273643,268.078278,RUNNING,0x00000040
14070,600.000000,613.505371,11.315451,274.213318,RUNNING,0x00000040
14080,600.000000,612.591003,11.355739,280.339233,RUNNING,0x00000040
14090,600.000000,611.733582,11.394416,286.456573,RUNNING,0x00000040
14100,600.000000,610.930298,11.431416,292.565887,RUNNING,0x00000040
14110,600.000000,610.178406,11.466703,298.667664,RUNNING,0x00000040
14120,600.000000,609.475098,11.500260,304.762421,RUNNING,0x00000040
14130,600.000000,608.817688,11.532104,310.850586,RUNNING,0x00000040
14140,600.000000,608.203613,11.562262,316.932617,RUNNING,0x00000040
14150,600.000000,607.630310,11.590759,323.008911,RUNNING,0x00000040
14160,600.000000,607.095337,11.617650,329.079865,RUNNING,0x00000040
14170,600.000000,606.596436,11.642992,335.145844,RUNNING,0x00000040
14180,600.000000,606.131348,11.666829,341.207153,RUNNING,0x00000040
14190,600.000000,605.697937,11.689232,347.264130,RUNNING,0x00000040
14200,600.000000,605.294250,11.710266,353.317078,RUNNING,0x00000040
14210,600.000000,604.918335,11.729988,359.366272,RUNNING,0x00000040
14220,600.000000,604.568420,11.748469,365.411957,RUNNING,0x00000040
14230,600.000000,604.242798,11.765770,371.454376,RUNNING,0x00000040
14240,600.000000,603.939880,11.781955,377.493774,RUNNING,0x00000040
14250,600.000000,603.658142,11.797080,383.530365,RUNNING,0x00000040
14260,600.000000,603.396179,11.811213,389.564331,RUNNING,0x00000040
14270,600.000000,603.152649,11.824404,395.595856,RUNNING,0x00000040
14280,600.000000,602.926331,11.836712,401.625122,RUNNING,0x00000040
14290,600.000000,602.716003,11.848186,407.652283,RUNNING,0x00000040
14300,600.000000,602.520569,11.858885,413.677490,RUNNING,0x00000040
14310,600.000000,602.338989,11.868858,419.700867,RUNNING,0x00000040
14320,600.000000,602.170349,11.878153,425.722565,RUNNING,0x00000040
14330,600.000000,602.013733,11.886804,431.742706,RUNNING,0x00000040
14340,600.000000,601.868286,11.894857,437.761383,RUNNING,0x00000040
14350,600.000000,601.733276,11.902355,443.778717,RUNNING,0x00000040
14360,600.000000,601.607910,11.909324,449.794800,RUNNING,0x00000040
14370,600.000000,601.491577,11.915811,455.809723,RUNNING,0x00000040
14380,600.000000,601.383606,11.921835,461.823547,RUNNING,0x00000040
14390,600.000000,601.283386,11.927434,467.836395,RUNNING,0x00000040
14400,600.000000,601.190369,11.932640,473.848297,RUNNING,0x00000040
14410,600.000000,601.104065,11.937479,479.859344,RUNNING,0x00000040
14420,600.000000,601.023987,11.941974,485.869598,RUNNING,0x00000040
14430,600.000000,600.949646,11.946148,491.879089,RUNNING,0x00000040
14440,600.000000,600.880676,11.950032,497.887909,RUNNING,0x00000040
14450,600.000000,600.816711,11.953640,503.896088,RUNNING,0x00000040
14460,600.000000,600.757385,11.956986,509.903656,RUNNING,0x00000040
14470,600.000000,600.702332,11.960091,515.910706,RUNNING,0x00000040
14480,600.000000,600.651245,11.962977,521.917236,RUNNING,0x00000040
14490,600.000000,600.603882,11.965661,527.923279,RUNNING,0x00000040
14500,600.000000,600.559937,11.968147,533.928894,RUNNING,0x00000040
14510,600.000000,600.519226,11.970459,539.934082,RUNNING,0x00000040
14520,600.000000,600.481445,11.972594,545.938904,RUNNING,0x00000040
14530,600.000000,600.446411,11.974581,551.943359,RUNNING,0x00000040
14540,600.000000,600.413879,11.976423,557.947510,RUNNING,0x00000040
14550,600.000000,600.383728,11.978140,563.951355,RUNNING,0x00000040
14560,600.000000,600.355774,11.979730,569.954895,RUNNING,0x00000040
14570,600.000000,600.329834,11.981203,575.958191,RUNNING,0x00000040
14580,600.000000,600.305786,11.982574,581.961243,RUNNING,0x00000040
14590,600.000000,600.283508,11.983845,587.964050,RUNNING,0x00000040
14600,600.000000,600.262878,11.985020,593.966675,RUNNING,0x00000040
14610,600.000000,600.243713,11.986104,599.969116,RUNNING,0x00000040
14620,600.000000,600.225952,11.987117,605.971375,RUNNING,0x00000040
14630,600.000000,600.209473,11.988054,611.973450,RUNNING,0x00000040
14640,600.000000,600.194214,11.988926,617.975403,RUNNING,0x00000040
14650,600.000000,600.180054,11.989731,623.977173,RUNNING,0x00000040
14660,600.000000,600.166931,11.990479,629.978821,RUNNING,0x00000040
14670,600.000000,600.154785,11.991173,635.980347,RUNNING,0x00000040
14680,600.000000,600.143494,11.991811,641.981812,RUNNING,0x00000040
14690,600.000000,600.133057,11.992408,647.983154,RUNNING,0x00000040
14700,600.000000,600.123352,11.992956,653.984375,RUNNING,0x00000040
14710,600.000000,600.114380,11.993470,659.985535,RUNNING,0x00000040
14720,600.000000,600.106018,11.993942,665.986572,RUNNING,0x00000040
14730,600.000000,600.098267,11.994387,671.987549,RUNNING,0x00000040
14740,600.000000,600.091125,11.994800,677.988464,RUNNING,0x00000040
14750,600.000000,600.084473,11.995173,683.989319,RUNNING,0x00000040
14760,600.000000,600.078308,11.995525,689.990112,RUNNING,0x00000040
14770,600.000000,600.072571,11.995852,695.990845,RUNNING,0x00000040
14780,600.000000,600.067261,11.996160,701.991516,RUNNING,0x00000040
14790,600.000000,600.062378,11.996443,707.992126,RUNNING,0x00000040
14800,600.000000,600.057800,11.996698,713.992676,RUNNING,0x00000040
14810,600.000000,600.053589,11.996944,719.993225,RUNNING,0x00000040
14820,600.000000,600.049683,11.997166,725.993713,RUNNING,0x00000040
14830,600.000000,600.046082,11.997373,731.994202,RUNNING,0x00000040
14840,600.000000,600.042725,11.997560,737.994629,RUNNING,0x00000040
14850,600.000000,600.039612,11.997737,743.994995,RUNNING,0x00000040
14860,600.000000,600.036743,11.997902,749.995361,RUNNING,0x00000040
14870,600.000000,600.034058,11.998051,755.995728,RUNNING,0x00000040
14880,600.000000,600.031555,11.998194,761.996033,RUNNING,0x00000040
14890,600.000000,600.029236,11.998328,767.996338,RUNNING,0x00000040
14900,600.000000,600.027100,11.998453,773.996582,RUNNING,0x00000040
14910,600.000000,600.025146,11.998567,779.996826,RUNNING,0x00000040
14920,600.000000,600.023315,11.998667,785.997070,RUNNING,0x00000040
14930,600.000000,600.021606,11.998763,791.997314,RUNNING,0x00000040
14940,600.000000,600.020020,11.998855,797.997498,RUNNING,0x00000040
14950,600.000000,600.018555,11.998940,803.997681,RUNNING,0x00000040
14960,600.000000,600.017212,11.999018,809.997864,RUNNING,0x00000040
14970,600.000000,600.015930,11.999087,815.998047,RUNNING,0x00000040
14980,600.000000,600.014771,11.999159,821.998169,RUNNING,0x00000040
14990,600.000000,600.013672,11.999220,827.998291,RUNNING,0x00000040
